Dia,Provincia,Latitud,Longitud,Localidad,SitioCodigo,Transecto,Profundidad(m),Area_(m2),Phylum,Taxa,Especie,Talla_(cm),Abundancia
19-Mar-16,Puntarenas,9.78203,-84.890757,ISLA_TORTUGA,IT_SIN_TURISTAS,1,2,100,Chordata,Carangidae,Gnathanodon speciosus,20,5
19-Mar-16,Puntarenas,9.78203,-84.890757,ISLA_TORTUGA,IT_SIN_TURISTAS,1,2,100,Chordata,Haemulidae,Haemulon maculicauda,15,4
19-Mar-16,Puntarenas,9.78203,-84.890757,ISLA_TORTUGA,IT_SIN_TURISTAS,1,2,100,Chordata,Pomacentridae,Microspathodon dorsalis,25,2
19-Mar-16,Puntarenas,9.78203,-84.890757,ISLA_TORTUGA,IT_SIN_TURISTAS,1,2,100,Chordata,Pomacentridae,Microspathodon dorsalis,30,3
19-Mar-16,Puntarenas,9.78203,-84.890757,ISLA_TORTUGA,IT_SIN_TURISTAS,1,2,100,Chordata,Pomacentridae,Abudefduf troschelii,10,3
19-Mar-16,Puntarenas,9.78203,-84.890757,ISLA_TORTUGA,IT_SIN_TURISTAS,1,2,100,Chordata,Pomacentridae,Abudefduf concolor,5,5
19-Mar-16,Puntarenas,9.78203,-84.890757,ISLA_TORTUGA,IT_SIN_TURISTAS,1,2,100,Chordata,Pomacentridae,Stegastes flavilatus,10,6
19-Mar-16,Puntarenas,9.78203,-84.890757,ISLA_TORTUGA,IT_SIN_TURISTAS,1,2,100,Chordata,Pomacentridae,Stegastes flavilatus,15,8
19-Mar-16,Puntarenas,9.78203,-84.890757,ISLA_TORTUGA,IT_SIN_TURISTAS,1,2,100,Chordata,Cirrhitidae,Cirrhitus rivulatus,15,1
19-Mar-16,Puntarenas,9.78203,-84.890757,ISLA_TORTUGA,IT_SIN_TURISTAS,1,2,100,Chordata,Serranidae,Epinephelus labriformis,15,1
19-Mar-16,Puntarenas,9.78203,-84.890757,ISLA_TORTUGA,IT_SIN_TURISTAS,1,2,100,Chordata,Serranidae,Epinephelus labriformis,20,2
19-Mar-16,Puntarenas,9.78203,-84.890757,ISLA_TORTUGA,IT_SIN_TURISTAS,1,2,100,Chordata,Zanclidae,Zanclus cornutus,20,1
19-Mar-16,Puntarenas,9.78203,-84.890757,ISLA_TORTUGA,IT_SIN_TURISTAS,1,2,100,Chordata,Labridae,Thalassoma lucasanum,5,11
19-Mar-16,Puntarenas,9.78203,-84.890757,ISLA_TORTUGA,IT_SIN_TURISTAS,1,2,100,Chordata,Labridae,Thalassoma lucasanum,10,32
19-Mar-16,Puntarenas,9.78203,-84.890757,ISLA_TORTUGA,IT_SIN_TURISTAS,1,2,100,Chordata,Labridae,Thalassoma lucasanum,15,1
19-Mar-16,Puntarenas,9.78203,-84.890757,ISLA_TORTUGA,IT_SIN_TURISTAS,1,2,100,Chordata,Labridae,Bodianus diplotaenia,15,2
19-Mar-16,Puntarenas,9.78203,-84.890757,ISLA_TORTUGA,IT_SIN_TURISTAS,1,2,100,Chordata,Kyphosidae,Kyphosus elegans,35,2
20-Mar-16,Puntarenas,9.781291,-84.892963,ISLA_TORTUGA,IT_CON_TURISTAS,1,5,100,Chordata,Balistidae,Balistes polylepis,15,3
20-Mar-16,Puntarenas,9.781291,-84.892963,ISLA_TORTUGA,IT_CON_TURISTAS,1,5,100,Chordata,Balistidae,Sufflamen verres,25,1
20-Mar-16,Puntarenas,9.781291,-84.892963,ISLA_TORTUGA,IT_CON_TURISTAS,1,5,100,Chordata,Haemulidae,Haemulon maculicauda,15,19
20-Mar-16,Puntarenas,9.781291,-84.892963,ISLA_TORTUGA,IT_CON_TURISTAS,1,5,100,Chordata,Haemulidae,Haemulon maculicauda,20,54
20-Mar-16,Puntarenas,9.781291,-84.892963,ISLA_TORTUGA,IT_CON_TURISTAS,1,5,100,Chordata,Chaetodontidae,Johnrandallia nigrirostris,15,1
20-Mar-16,Puntarenas,9.781291,-84.892963,ISLA_TORTUGA,IT_CON_TURISTAS,1,5,100,Chordata,Chaetodontidae,Chaetodon humeralis,15,2
20-Mar-16,Puntarenas,9.781291,-84.892963,ISLA_TORTUGA,IT_CON_TURISTAS,1,5,100,Chordata,Pomacanthidae,Pomacanthus zonipectus,20,1
20-Mar-16,Puntarenas,9.781291,-84.892963,ISLA_TORTUGA,IT_CON_TURISTAS,1,5,100,Chordata,Pomacanthidae,Holacanthus passer,20,2
20-Mar-16,Puntarenas,9.781291,-84.892963,ISLA_TORTUGA,IT_CON_TURISTAS,1,5,100,Chordata,Pomacentridae,Microspathodon dorsalis,25,7
20-Mar-16,Puntarenas,9.781291,-84.892963,ISLA_TORTUGA,IT_CON_TURISTAS,1,5,100,Chordata,Pomacentridae,Abudefduf troschelii,10,11
20-Mar-16,Puntarenas,9.781291,-84.892963,ISLA_TORTUGA,IT_CON_TURISTAS,1,5,100,Chordata,Pomacentridae,Abudefduf concolor,5,17
20-Mar-16,Puntarenas,9.781291,-84.892963,ISLA_TORTUGA,IT_CON_TURISTAS,1,5,100,Chordata,Pomacentridae,Abudefduf concolor,10,2
20-Mar-16,Puntarenas,9.781291,-84.892963,ISLA_TORTUGA,IT_CON_TURISTAS,1,5,100,Chordata,Pomacentridae,Abudefduf concolor,20,1
20-Mar-16,Puntarenas,9.781291,-84.892963,ISLA_TORTUGA,IT_CON_TURISTAS,1,5,100,Chordata,Pomacentridae,Stegastes flavilatus,10,4
20-Mar-16,Puntarenas,9.781291,-84.892963,ISLA_TORTUGA,IT_CON_TURISTAS,1,5,100,Chordata,Pomacentridae,Stegastes flavilatus,15,19
20-Mar-16,Puntarenas,9.781291,-84.892963,ISLA_TORTUGA,IT_CON_TURISTAS,1,5,100,Chordata,Pomacentridae,Chromis atrilobata,10,212
20-Mar-16,Puntarenas,9.781291,-84.892963,ISLA_TORTUGA,IT_CON_TURISTAS,1,5,100,Chordata,Cirrhitidae,Cirrhitus rivulatus,20,1
20-Mar-16,Puntarenas,9.781291,-84.892963,ISLA_TORTUGA,IT_CON_TURISTAS,1,5,100,Chordata,Serranidae,Epinephelus panamensis,15,1
20-Mar-16,Puntarenas,9.781291,-84.892963,ISLA_TORTUGA,IT_CON_TURISTAS,1,5,100,Chordata,Serranidae,Epinephelus panamensis,20,1
20-Mar-16,Puntarenas,9.781291,-84.892963,ISLA_TORTUGA,IT_CON_TURISTAS,1,5,100,Chordata,Serranidae,Epinephelus panamensis,30,1
20-Mar-16,Puntarenas,9.781291,-84.892963,ISLA_TORTUGA,IT_CON_TURISTAS,1,5,100,Chordata,Serranidae,Epinephelus labriformis,15,2
20-Mar-16,Puntarenas,9.781291,-84.892963,ISLA_TORTUGA,IT_CON_TURISTAS,1,5,100,Chordata,Holocentridae,Sargocentron suborbitalis,15,2
20-Mar-16,Puntarenas,9.781291,-84.892963,ISLA_TORTUGA,IT_CON_TURISTAS,1,5,100,Chordata,Scaridae,Scarus perrico,30,1
20-Mar-16,Puntarenas,9.781291,-84.892963,ISLA_TORTUGA,IT_CON_TURISTAS,1,5,100,Chordata,Labridae,Thalassoma lucasanum,5,38
20-Mar-16,Puntarenas,9.781291,-84.892963,ISLA_TORTUGA,IT_CON_TURISTAS,1,5,100,Chordata,Labridae,Thalassoma lucasanum,10,40
20-Mar-16,Puntarenas,9.781291,-84.892963,ISLA_TORTUGA,IT_CON_TURISTAS,1,5,100,Chordata,Labridae,Bodianus diplotaenia,5,12
20-Mar-16,Puntarenas,9.781291,-84.892963,ISLA_TORTUGA,IT_CON_TURISTAS,1,5,100,Chordata,Labridae,Bodianus diplotaenia,10,3
20-Mar-16,Puntarenas,9.781291,-84.892963,ISLA_TORTUGA,IT_CON_TURISTAS,1,5,100,Chordata,Labridae,Bodianus diplotaenia,15,1
20-Mar-16,Puntarenas,9.781291,-84.892963,ISLA_TORTUGA,IT_CON_TURISTAS,1,5,100,Chordata,Serranidae,Serranus psittacinus,10,12
20-Mar-16,Puntarenas,9.781291,-84.892963,ISLA_TORTUGA,IT_CON_TURISTAS,1,5,100,Chordata,Kyphosidae,Kyphosus elegans,25,1
20-Mar-16,Puntarenas,9.781291,-84.892963,ISLA_TORTUGA,IT_CON_TURISTAS,1,5,100,Chordata,Muraenidae,Echidna nebulosa,35,1
20-Mar-16,Puntarenas,9.781291,-84.892963,ISLA_TORTUGA,IT_CON_TURISTAS,1,5,100,Chordata,Blenniidae,Ophioblennius steindachneri,10,1
19-Mar-16,Puntarenas,9.78203,-84.890757,ISLA_TORTUGA,IT_SIN_TURISTAS,2,4,100,Chordata,Balistidae,Sufflamen verres,25,1
19-Mar-16,Puntarenas,9.78203,-84.890757,ISLA_TORTUGA,IT_SIN_TURISTAS,2,4,100,Chordata,Lutjanidae,Lutjanus guttatus,20,2
19-Mar-16,Puntarenas,9.78203,-84.890757,ISLA_TORTUGA,IT_SIN_TURISTAS,2,4,100,Chordata,Engraulidae,Anchoa eigenmannia,5,156
19-Mar-16,Puntarenas,9.78203,-84.890757,ISLA_TORTUGA,IT_SIN_TURISTAS,2,4,100,Chordata,Haemulidae,Haemulon maculicauda,20,21
19-Mar-16,Puntarenas,9.78203,-84.890757,ISLA_TORTUGA,IT_SIN_TURISTAS,2,4,100,Chordata,Haemulidae,Haemulon flaviguttatum,20,5
19-Mar-16,Puntarenas,9.78203,-84.890757,ISLA_TORTUGA,IT_SIN_TURISTAS,2,4,100,Chordata,Haemulidae,Anisotremus taeniatus,20,26
19-Mar-16,Puntarenas,9.78203,-84.890757,ISLA_TORTUGA,IT_SIN_TURISTAS,2,4,100,Chordata,Acanthuridae,Prionurus laticlavius,25,2
19-Mar-16,Puntarenas,9.78203,-84.890757,ISLA_TORTUGA,IT_SIN_TURISTAS,2,4,100,Chordata,Chaetodontidae,Johnrandallia nigrirostris,15,1
19-Mar-16,Puntarenas,9.78203,-84.890757,ISLA_TORTUGA,IT_SIN_TURISTAS,2,4,100,Chordata,Chaetodontidae,Chaetodon humeralis,15,2
19-Mar-16,Puntarenas,9.78203,-84.890757,ISLA_TORTUGA,IT_SIN_TURISTAS,2,4,100,Chordata,Pomacanthidae,Holacanthus passer,20,7
19-Mar-16,Puntarenas,9.78203,-84.890757,ISLA_TORTUGA,IT_SIN_TURISTAS,2,4,100,Chordata,Pomacentridae,Microspathodon dorsalis,25,18
19-Mar-16,Puntarenas,9.78203,-84.890757,ISLA_TORTUGA,IT_SIN_TURISTAS,2,4,100,Chordata,Pomacentridae,Abudefduf troschelii,10,15
19-Mar-16,Puntarenas,9.78203,-84.890757,ISLA_TORTUGA,IT_SIN_TURISTAS,2,4,100,Chordata,Pomacentridae,Abudefduf concolor,20,1
19-Mar-16,Puntarenas,9.78203,-84.890757,ISLA_TORTUGA,IT_SIN_TURISTAS,2,4,100,Chordata,Pomacentridae,Stegastes flavilatus,15,18
19-Mar-16,Puntarenas,9.78203,-84.890757,ISLA_TORTUGA,IT_SIN_TURISTAS,2,4,100,Chordata,Pomacentridae,Stegastes flavilatus,20,15
19-Mar-16,Puntarenas,9.78203,-84.890757,ISLA_TORTUGA,IT_SIN_TURISTAS,2,4,100,Chordata,Pomacentridae,Chromis atrilobata,10,107
19-Mar-16,Puntarenas,9.78203,-84.890757,ISLA_TORTUGA,IT_SIN_TURISTAS,2,4,100,Chordata,Cirrhitidae,Cirrhitus rivulatus,20,2
19-Mar-16,Puntarenas,9.78203,-84.890757,ISLA_TORTUGA,IT_SIN_TURISTAS,2,4,100,Chordata,Cirrhitidae,Cirrhitus rivulatus,25,1
19-Mar-16,Puntarenas,9.78203,-84.890757,ISLA_TORTUGA,IT_SIN_TURISTAS,2,4,100,Chordata,Serranidae,Epinephelus panamensis,20,3
19-Mar-16,Puntarenas,9.78203,-84.890757,ISLA_TORTUGA,IT_SIN_TURISTAS,2,4,100,Chordata,Serranidae,Epinephelus labriformis,10,2
19-Mar-16,Puntarenas,9.78203,-84.890757,ISLA_TORTUGA,IT_SIN_TURISTAS,2,4,100,Chordata,Serranidae,Epinephelus labriformis,15,1
19-Mar-16,Puntarenas,9.78203,-84.890757,ISLA_TORTUGA,IT_SIN_TURISTAS,2,4,100,Chordata,Holocentridae,Sargocentron suborbitalis,15,3
19-Mar-16,Puntarenas,9.78203,-84.890757,ISLA_TORTUGA,IT_SIN_TURISTAS,2,4,100,Chordata,Labridae,Thalassoma lucasanum,5,32
19-Mar-16,Puntarenas,9.78203,-84.890757,ISLA_TORTUGA,IT_SIN_TURISTAS,2,4,100,Chordata,Labridae,Thalassoma lucasanum,10,64
19-Mar-16,Puntarenas,9.78203,-84.890757,ISLA_TORTUGA,IT_SIN_TURISTAS,2,4,100,Chordata,Labridae,Thalassoma lucasanum,15,3
19-Mar-16,Puntarenas,9.78203,-84.890757,ISLA_TORTUGA,IT_SIN_TURISTAS,2,4,100,Chordata,Labridae,Bodianus diplotaenia,15,3
19-Mar-16,Puntarenas,9.78203,-84.890757,ISLA_TORTUGA,IT_SIN_TURISTAS,2,4,100,Chordata,Labridae,Bodianus diplotaenia,20,1
19-Mar-16,Puntarenas,9.78203,-84.890757,ISLA_TORTUGA,IT_SIN_TURISTAS,2,4,100,Chordata,Labridae,Bodianus diplotaenia,35,1
19-Mar-16,Puntarenas,9.78203,-84.890757,ISLA_TORTUGA,IT_SIN_TURISTAS,2,4,100,Chordata,Serranidae,Serranus psittacinus,15,1
19-Mar-16,Puntarenas,9.78203,-84.890757,ISLA_TORTUGA,IT_SIN_TURISTAS,2,4,100,Chordata,Kyphosidae,Kyphosus elegans,25,2
19-Mar-16,Puntarenas,9.78203,-84.890757,ISLA_TORTUGA,IT_SIN_TURISTAS,2,4,100,Chordata,Muraenidae,Echidna nebulosa,35,1
20-Mar-16,Puntarenas,9.81637,-84.87696,LANGOSTA,L_PC,1,3,100,Chordata,Pomacentridae,Microspathodon dorsalis,30,5
20-Mar-16,Puntarenas,9.81637,-84.87696,LANGOSTA,L_PC,1,3,100,Chordata,Pomacentridae,Abudefduf troschelii,10,115
20-Mar-16,Puntarenas,9.81637,-84.87696,LANGOSTA,L_PC,1,3,100,Chordata,Pomacentridae,Abudefduf concolor,5,4
20-Mar-16,Puntarenas,9.81637,-84.87696,LANGOSTA,L_PC,1,3,100,Chordata,Pomacentridae,Stegastes flavilatus,10,1
20-Mar-16,Puntarenas,9.81637,-84.87696,LANGOSTA,L_PC,1,3,100,Chordata,Pomacentridae,Stegastes flavilatus,15,15
20-Mar-16,Puntarenas,9.81637,-84.87696,LANGOSTA,L_PC,1,3,100,Chordata,Pomacentridae,Stegastes flavilatus,20,20
20-Mar-16,Puntarenas,9.81637,-84.87696,LANGOSTA,L_PC,1,3,100,Chordata,Labridae,Thalassoma lucasanum,5,6
20-Mar-16,Puntarenas,9.81637,-84.87696,LANGOSTA,L_PC,1,3,100,Chordata,Labridae,Thalassoma lucasanum,10,8
20-Mar-16,Puntarenas,9.81637,-84.87696,LANGOSTA,L_PC,1,3,100,Chordata,Labridae,Bodianus diplotaenia,5,1
20-Mar-16,Puntarenas,9.81637,-84.87696,LANGOSTA,L_PC,1,3,100,Chordata,Serranidae,Serranus psittacinus,10,34
19-Mar-16,Puntarenas,9.78203,-84.890757,ISLA_TORTUGA,IT_SIN_TURISTAS,1,4,100,Chordata,Balistidae,Balistes polylepis,25,1
19-Mar-16,Puntarenas,9.78203,-84.890757,ISLA_TORTUGA,IT_SIN_TURISTAS,1,4,100,Chordata,Carangidae,Caranx caballus,15,1
19-Mar-16,Puntarenas,9.78203,-84.890757,ISLA_TORTUGA,IT_SIN_TURISTAS,1,4,100,Chordata,Chaetodontidae,Chaetodon humeralis,15,2
19-Mar-16,Puntarenas,9.78203,-84.890757,ISLA_TORTUGA,IT_SIN_TURISTAS,1,4,100,Chordata,Haemulidae,Haemulon sexfasciatum,15,1
19-Mar-16,Puntarenas,9.78203,-84.890757,ISLA_TORTUGA,IT_SIN_TURISTAS,1,4,100,Chordata,Labridae,Thalassoma lucasanum,5,5
19-Mar-16,Puntarenas,9.78203,-84.890757,ISLA_TORTUGA,IT_SIN_TURISTAS,1,4,100,Chordata,Labridae,Thalassoma lucasanum,10,13
19-Mar-16,Puntarenas,9.78203,-84.890757,ISLA_TORTUGA,IT_SIN_TURISTAS,1,4,100,Chordata,Labridae,Thalassoma lucasanum,15,3
19-Mar-16,Puntarenas,9.78203,-84.890757,ISLA_TORTUGA,IT_SIN_TURISTAS,1,4,100,Chordata,Labridae,Halichoeres dispilus,10,2
19-Mar-16,Puntarenas,9.78203,-84.890757,ISLA_TORTUGA,IT_SIN_TURISTAS,1,4,100,Chordata,Tetraodontidae,Canthigaster punctatissima,5,3
19-Mar-16,Puntarenas,9.78203,-84.890757,ISLA_TORTUGA,IT_SIN_TURISTAS,1,4,100,Chordata,Pomacentridae,Chromis atrilobata,5,20
19-Mar-16,Puntarenas,9.78203,-84.890757,ISLA_TORTUGA,IT_SIN_TURISTAS,1,4,100,Chordata,Pomacentridae,Microspathodon dorsalis,20,3
19-Mar-16,Puntarenas,9.78203,-84.890757,ISLA_TORTUGA,IT_SIN_TURISTAS,1,4,100,Chordata,Pomacentridae,Abudefduf troschelii,10,8
19-Mar-16,Puntarenas,9.78203,-84.890757,ISLA_TORTUGA,IT_SIN_TURISTAS,1,4,100,Chordata,Pomacentridae,Stegastes acapulcoensis,5,4
19-Mar-16,Puntarenas,9.78203,-84.890757,ISLA_TORTUGA,IT_SIN_TURISTAS,1,4,100,Chordata,Pomacentridae,Stegastes acapulcoensis,10,12
19-Mar-16,Puntarenas,9.78203,-84.890757,ISLA_TORTUGA,IT_SIN_TURISTAS,1,4,100,Chordata,Pomacentridae,Stegastes acapulcoensis,15,14
19-Mar-16,Puntarenas,9.78203,-84.890757,ISLA_TORTUGA,IT_SIN_TURISTAS,1,4,100,Chordata,Pomacentridae,Stegastes flavilatus,10,2
19-Mar-16,Puntarenas,9.78203,-84.890757,ISLA_TORTUGA,IT_SIN_TURISTAS,1,4,100,Chordata,Pomacentridae,Stegastes flavilatus,15,4
19-Mar-16,Puntarenas,9.78203,-84.890757,ISLA_TORTUGA,IT_SIN_TURISTAS,1,4,100,Chordata,Cirrhitidae,Cirrhitus rivulatus,25,2
19-Mar-16,Puntarenas,9.78203,-84.890757,ISLA_TORTUGA,IT_SIN_TURISTAS,1,4,100,Chordata,Serranidae,Alphestes immaculatus,25,1
19-Mar-16,Puntarenas,9.78203,-84.890757,ISLA_TORTUGA,IT_SIN_TURISTAS,1,4,100,Chordata,Tetraodontidae,Arothron hispidus,30,1
19-Mar-16,Puntarenas,9.78203,-84.890757,ISLA_TORTUGA,IT_SIN_TURISTAS,1,4,100,Chordata,Engraulidae,Anchoa eigenmannia,5,100
20-Mar-16,Puntarenas,9.81637,-84.87696,LANGOSTA,L_PC,1,2,100,Chordata,Haemulidae,Haemulon maculicauda,20,5
20-Mar-16,Puntarenas,9.81637,-84.87696,LANGOSTA,L_PC,1,2,100,Chordata,Pomacentridae,Microspathodon dorsalis,15,5
20-Mar-16,Puntarenas,9.81637,-84.87696,LANGOSTA,L_PC,1,2,100,Chordata,Pomacentridae,Microspathodon dorsalis,20,5
20-Mar-16,Puntarenas,9.81637,-84.87696,LANGOSTA,L_PC,1,2,100,Chordata,Pomacentridae,Abudefduf troschelii,15,4
20-Mar-16,Puntarenas,9.81637,-84.87696,LANGOSTA,L_PC,1,2,100,Chordata,Pomacentridae,Abudefduf troschelii,20,6
20-Mar-16,Puntarenas,9.81637,-84.87696,LANGOSTA,L_PC,1,2,100,Chordata,Pomacentridae,Abudefduf concolor,15,2
20-Mar-16,Puntarenas,9.81637,-84.87696,LANGOSTA,L_PC,1,2,100,Chordata,Pomacentridae,Abudefduf concolor,5,2
20-Mar-16,Puntarenas,9.81637,-84.87696,LANGOSTA,L_PC,1,2,100,Chordata,Pomacentridae,Stegastes flavilatus,5,1
20-Mar-16,Puntarenas,9.81637,-84.87696,LANGOSTA,L_PC,1,2,100,Chordata,Pomacentridae,Stegastes flavilatus,15,5
20-Mar-16,Puntarenas,9.81637,-84.87696,LANGOSTA,L_PC,1,2,100,Chordata,Pomacentridae,Stegastes flavilatus,30,2
20-Mar-16,Puntarenas,9.81637,-84.87696,LANGOSTA,L_PC,1,2,100,Chordata,Pomacentridae,Stegastes flavilatus,20,5
20-Mar-16,Puntarenas,9.81637,-84.87696,LANGOSTA,L_PC,1,2,100,Chordata,Serranidae,Epinephelus labriformis,25,2
20-Mar-16,Puntarenas,9.81637,-84.87696,LANGOSTA,L_PC,1,2,100,Chordata,Serranidae,Epinephelus labriformis,30,3
20-Mar-16,Puntarenas,9.81637,-84.87696,LANGOSTA,L_PC,1,2,100,Chordata,Serranidae,Epinephelus labriformis,35,4
20-Mar-16,Puntarenas,9.81637,-84.87696,LANGOSTA,L_PC,1,2,100,Chordata,Labridae,Thalassoma lucasanum,5,10
20-Mar-16,Puntarenas,9.81637,-84.87696,LANGOSTA,L_PC,1,2,100,Chordata,Labridae,Thalassoma lucasanum,10,5
20-Mar-16,Puntarenas,9.81637,-84.87696,LANGOSTA,L_PC,2,2,100,Chordata,Pomacentridae,Abudefduf troschelii,5,3
20-Mar-16,Puntarenas,9.81637,-84.87696,LANGOSTA,L_PC,2,2,100,Chordata,Pomacentridae,Abudefduf concolor,5,14
20-Mar-16,Puntarenas,9.81637,-84.87696,LANGOSTA,L_PC,2,2,100,Chordata,Pomacentridae,Abudefduf concolor,10,7
20-Mar-16,Puntarenas,9.81637,-84.87696,LANGOSTA,L_PC,2,2,100,Chordata,Labridae,Thalassoma lucasanum,5,5
20-Mar-16,Puntarenas,9.81637,-84.87696,LANGOSTA,L_PC,2,2,100,Chordata,Labridae,Thalassoma lucasanum,10,2
20-Mar-16,Puntarenas,9.81637,-84.87696,LANGOSTA,L_PC,2,2,100,Chordata,Engraulidae,Anchoa eigenmannia,5,44
20-Mar-16,Puntarenas,9.781291,-84.892963,ISLA_TORTUGA,IT_CON_TURISTAS,1,2,100,Chordata,Balistidae,Balistes polylepis,20,1
20-Mar-16,Puntarenas,9.781291,-84.892963,ISLA_TORTUGA,IT_CON_TURISTAS,1,2,100,Chordata,Blenniidae,Ophioblennius steindachneri,10,2
20-Mar-16,Puntarenas,9.781291,-84.892963,ISLA_TORTUGA,IT_CON_TURISTAS,1,2,100,Chordata,Labridae,Thalassoma lucasanum,10,21
20-Mar-16,Puntarenas,9.781291,-84.892963,ISLA_TORTUGA,IT_CON_TURISTAS,1,2,100,Chordata,Labridae,Bodianus diplotaenia,15,2
20-Mar-16,Puntarenas,9.781291,-84.892963,ISLA_TORTUGA,IT_CON_TURISTAS,1,2,100,Chordata,Ophichthidae,Myrichthys tigrinus,35,1
20-Mar-16,Puntarenas,9.781291,-84.892963,ISLA_TORTUGA,IT_CON_TURISTAS,1,2,100,Chordata,Pomacanthidae,Holacanthus passer,20,12
20-Mar-16,Puntarenas,9.781291,-84.892963,ISLA_TORTUGA,IT_CON_TURISTAS,1,2,100,Chordata,Pomacentridae,Abudefduf troschelii,10,11
20-Mar-16,Puntarenas,9.781291,-84.892963,ISLA_TORTUGA,IT_CON_TURISTAS,1,2,100,Chordata,Pomacentridae,Chromis atrilobata,5,32
20-Mar-16,Puntarenas,9.781291,-84.892963,ISLA_TORTUGA,IT_CON_TURISTAS,1,2,100,Chordata,Pomacentridae,Stegastes acapulcoensis,5,10
20-Mar-16,Puntarenas,9.781291,-84.892963,ISLA_TORTUGA,IT_CON_TURISTAS,1,2,100,Chordata,Cirrhitidae,Cirrhitus rivulatus,25,1
20-Mar-16,Puntarenas,9.781291,-84.892963,ISLA_TORTUGA,IT_CON_TURISTAS,2,2,100,Chordata,Balistidae,Balistes polylepis,25,2
20-Mar-16,Puntarenas,9.781291,-84.892963,ISLA_TORTUGA,IT_CON_TURISTAS,2,2,100,Chordata,Balistidae,Sufflamen verres,25,2
20-Mar-16,Puntarenas,9.781291,-84.892963,ISLA_TORTUGA,IT_CON_TURISTAS,2,2,100,Chordata,Chaetodontidae,Johnrandallia nigrirostris,20,4
20-Mar-16,Puntarenas,9.781291,-84.892963,ISLA_TORTUGA,IT_CON_TURISTAS,2,2,100,Chordata,Haemulidae,Haemulon maculicauda,15,25
20-Mar-16,Puntarenas,9.781291,-84.892963,ISLA_TORTUGA,IT_CON_TURISTAS,2,2,100,Chordata,Haemulidae,Haemulon flaviguttatum,25,3
20-Mar-16,Puntarenas,9.781291,-84.892963,ISLA_TORTUGA,IT_CON_TURISTAS,2,2,100,Chordata,Labridae,Thalassoma lucasanum,5,35
20-Mar-16,Puntarenas,9.781291,-84.892963,ISLA_TORTUGA,IT_CON_TURISTAS,2,2,100,Chordata,Labridae,Bodianus diplotaenia,20,1
20-Mar-16,Puntarenas,9.781291,-84.892963,ISLA_TORTUGA,IT_CON_TURISTAS,2,2,100,Chordata,Labridae,Halichoeres dispilus,10,20
20-Mar-16,Puntarenas,9.781291,-84.892963,ISLA_TORTUGA,IT_CON_TURISTAS,2,2,100,Chordata,Labridae,Halichoeres chierchiae,15,1
20-Mar-16,Puntarenas,9.781291,-84.892963,ISLA_TORTUGA,IT_CON_TURISTAS,2,2,100,Chordata,Pomacanthidae,Holacanthus passer,20,1
20-Mar-16,Puntarenas,9.781291,-84.892963,ISLA_TORTUGA,IT_CON_TURISTAS,2,2,100,Chordata,Pomacentridae,Microspathodon dorsalis,20,2
20-Mar-16,Puntarenas,9.781291,-84.892963,ISLA_TORTUGA,IT_CON_TURISTAS,2,2,100,Chordata,Pomacentridae,Microspathodon dorsalis,25,4
20-Mar-16,Puntarenas,9.781291,-84.892963,ISLA_TORTUGA,IT_CON_TURISTAS,2,2,100,Chordata,Pomacentridae,Abudefduf troschelii,10,32
20-Mar-16,Puntarenas,9.781291,-84.892963,ISLA_TORTUGA,IT_CON_TURISTAS,2,2,100,Chordata,Pomacentridae,Stegastes acapulcoensis,5,6
20-Mar-16,Puntarenas,9.781291,-84.892963,ISLA_TORTUGA,IT_CON_TURISTAS,2,2,100,Chordata,Pomacentridae,Stegastes acapulcoensis,15,9
20-Mar-16,Puntarenas,9.781291,-84.892963,ISLA_TORTUGA,IT_CON_TURISTAS,2,2,100,Chordata,Pomacentridae,Stegastes flavilatus,15,1
20-Mar-16,Puntarenas,9.781291,-84.892963,ISLA_TORTUGA,IT_CON_TURISTAS,2,2,100,Chordata,Cirrhitidae,Cirrhitus rivulatus,25,1
20-Mar-16,Puntarenas,9.81637,-84.87696,LANGOSTA,L_PC,1,1,100,Chordata,Blenniidae,Ophioblennius steindachneri,10,2
20-Mar-16,Puntarenas,9.81637,-84.87696,LANGOSTA,L_PC,1,1,100,Chordata,Labridae,Thalassoma lucasanum,5,17
20-Mar-16,Puntarenas,9.81637,-84.87696,LANGOSTA,L_PC,1,1,100,Chordata,Labridae,Halichoeres dispilus,5,4
20-Mar-16,Puntarenas,9.81637,-84.87696,LANGOSTA,L_PC,1,1,100,Chordata,Tetraodontidae,Canthigaster punctatissima,15,1
20-Mar-16,Puntarenas,9.81637,-84.87696,LANGOSTA,L_PC,1,1,100,Chordata,Tetraodontidae,Canthigaster punctatissima,35,1
20-Mar-16,Puntarenas,9.81637,-84.87696,LANGOSTA,L_PC,1,1,100,Chordata,Tetraodontidae,Arothron meleagris,35,1
20-Mar-16,Puntarenas,9.81637,-84.87696,LANGOSTA,L_PC,1,1,100,Chordata,Tetraodontidae,Arothron meleagris,10,1
20-Mar-16,Puntarenas,9.81637,-84.87696,LANGOSTA,L_PC,1,1,100,Chordata,Pomacentridae,Microspathodon dorsalis,15,3
20-Mar-16,Puntarenas,9.81637,-84.87696,LANGOSTA,L_PC,1,1,100,Chordata,Pomacentridae,Microspathodon dorsalis,25,3
20-Mar-16,Puntarenas,9.81637,-84.87696,LANGOSTA,L_PC,1,1,100,Chordata,Pomacentridae,Abudefduf troschelii,10,1
20-Mar-16,Puntarenas,9.81637,-84.87696,LANGOSTA,L_PC,1,1,100,Chordata,Pomacentridae,Abudefduf troschelii,5,6
20-Mar-16,Puntarenas,9.81637,-84.87696,LANGOSTA,L_PC,1,1,100,Chordata,Pomacentridae,Stegastes acapulcoensis,5,12
20-Mar-16,Puntarenas,9.81637,-84.87696,LANGOSTA,L_PC,1,1,100,Chordata,Pomacentridae,Stegastes acapulcoensis,10,8
20-Mar-16,Puntarenas,9.81637,-84.87696,LANGOSTA,L_PC,1,1,100,Chordata,Pomacentridae,Stegastes acapulcoensis,15,24
20-Mar-16,Puntarenas,9.81637,-84.87696,LANGOSTA,L_PC,1,1,100,Chordata,Pomacentridae,Stegastes flavilatus,5,9
20-Mar-16,Puntarenas,9.81637,-84.87696,LANGOSTA,L_PC,1,1,100,Chordata,Pomacentridae,Stegastes flavilatus,15,25
20-Mar-16,Puntarenas,9.81637,-84.87696,LANGOSTA,L_PC,1,1,100,Chordata,Cirrhitidae,Cirrhitus rivulatus,25,1
20-Mar-16,Puntarenas,9.81637,-84.87696,LANGOSTA,L_PC,1,1,100,Chordata,Serranidae,Alphestes immaculatus,35,1
19-Mar-16,Puntarenas,9.78203,-84.890757,ISLA_TORTUGA,IT_SIN_TURISTAS,1,1,100,Chordata,Chaetodontidae,Chaetodon humeralis,20,1
19-Mar-16,Puntarenas,9.78203,-84.890757,ISLA_TORTUGA,IT_SIN_TURISTAS,1,1,100,Chordata,Holocentridae,Sargocentron suborbitalis,25,3
19-Mar-16,Puntarenas,9.78203,-84.890757,ISLA_TORTUGA,IT_SIN_TURISTAS,1,1,100,Chordata,Holocentridae,Sargocentron suborbitalis,25,2
19-Mar-16,Puntarenas,9.78203,-84.890757,ISLA_TORTUGA,IT_SIN_TURISTAS,1,1,100,Chordata,Kyphosidae,Kyphosus elegans,35,2
19-Mar-16,Puntarenas,9.78203,-84.890757,ISLA_TORTUGA,IT_SIN_TURISTAS,1,1,100,Chordata,Labridae,Thalassoma lucasanum,5,58
19-Mar-16,Puntarenas,9.78203,-84.890757,ISLA_TORTUGA,IT_SIN_TURISTAS,1,1,100,Chordata,Labridae,Thalassoma lucasanum,15,38
19-Mar-16,Puntarenas,9.78203,-84.890757,ISLA_TORTUGA,IT_SIN_TURISTAS,1,1,100,Chordata,Labridae,Thalassoma lucasanum,10,64
19-Mar-16,Puntarenas,9.78203,-84.890757,ISLA_TORTUGA,IT_SIN_TURISTAS,1,1,100,Chordata,Labridae,Bodianus diplotaenia,30,5
19-Mar-16,Puntarenas,9.78203,-84.890757,ISLA_TORTUGA,IT_SIN_TURISTAS,1,1,100,Chordata,Labridae,Bodianus diplotaenia,35,2
19-Mar-16,Puntarenas,9.78203,-84.890757,ISLA_TORTUGA,IT_SIN_TURISTAS,1,1,100,Chordata,Pomacentridae,Stegastes flavilatus,35,7
19-Mar-16,Puntarenas,9.78203,-84.890757,ISLA_TORTUGA,IT_SIN_TURISTAS,1,1,100,Chordata,Pomacentridae,Stegastes flavilatus,5,2
19-Mar-16,Puntarenas,9.78203,-84.890757,ISLA_TORTUGA,IT_SIN_TURISTAS,1,1,100,Chordata,Pomacentridae,Stegastes flavilatus,30,3
19-Mar-16,Puntarenas,9.78203,-84.890757,ISLA_TORTUGA,IT_SIN_TURISTAS,1,1,100,Chordata,Pomacentridae,Abudefduf concolor,35,14
19-Mar-16,Puntarenas,9.78203,-84.890757,ISLA_TORTUGA,IT_SIN_TURISTAS,1,1,100,Chordata,Pomacentridae,Abudefduf concolor,5,27
19-Mar-16,Puntarenas,9.78203,-84.890757,ISLA_TORTUGA,IT_SIN_TURISTAS,1,1,100,Chordata,Pomacentridae,Microspathodon dorsalis,35,36
19-Mar-16,Puntarenas,9.78203,-84.890757,ISLA_TORTUGA,IT_SIN_TURISTAS,1,1,100,Chordata,Pomacentridae,Microspathodon dorsalis,30,19
19-Mar-16,Puntarenas,9.78203,-84.890757,ISLA_TORTUGA,IT_SIN_TURISTAS,1,1,100,Chordata,Pomacentridae,Microspathodon dorsalis,25,8
19-Mar-16,Puntarenas,9.78203,-84.890757,ISLA_TORTUGA,IT_SIN_TURISTAS,1,1,100,Chordata,Pomacentridae,Abudefduf troschelii,20,7
19-Mar-16,Puntarenas,9.78203,-84.890757,ISLA_TORTUGA,IT_SIN_TURISTAS,1,1,100,Chordata,Cirrhitidae,Cirrhitus rivulatus,35,1
19-Mar-16,Puntarenas,9.78203,-84.890757,ISLA_TORTUGA,IT_SIN_TURISTAS,1,1,100,Chordata,Serranidae,Epinephelus panamensis,20,2
19-Mar-16,Puntarenas,9.78203,-84.890757,ISLA_TORTUGA,IT_SIN_TURISTAS,1,1,100,Chordata,Serranidae,Epinephelus panamensis,30,7
19-Mar-16,Puntarenas,9.78203,-84.890757,ISLA_TORTUGA,IT_SIN_TURISTAS,1,1,100,Chordata,Serranidae,Epinephelus panamensis,35,3
19-Mar-16,Puntarenas,9.78203,-84.890757,ISLA_TORTUGA,IT_SIN_TURISTAS,1,1,100,Chordata,Serranidae,Epinephelus labriformis,15,2
19-Mar-16,Puntarenas,9.78203,-84.890757,ISLA_TORTUGA,IT_SIN_TURISTAS,1,1,100,Chordata,Blenniidae,Ophioblennius steindachneri,15,2
19-Mar-16,Puntarenas,9.78203,-84.890757,ISLA_TORTUGA,IT_SIN_TURISTAS,1,1,100,Chordata,Blenniidae,Ophioblennius steindachneri,5,8
19-Mar-16,Puntarenas,9.78203,-84.890757,ISLA_TORTUGA,IT_SIN_TURISTAS,1,1,100,Chordata,Blenniidae,Ophioblennius steindachneri,10,9
19-Mar-16,Puntarenas,9.78203,-84.890757,ISLA_TORTUGA,IT_SIN_TURISTAS,1,1,100,Chordata,Blenniidae,Ophioblennius steindachneri,20,1
19-Mar-16,Puntarenas,9.78203,-84.890757,ISLA_TORTUGA,IT_SIN_TURISTAS,1,1,100,Chordata,Acanthuridae,Prionurus laticlavius,25,1
19-Mar-16,Puntarenas,9.78203,-84.890757,ISLA_TORTUGA,IT_SIN_TURISTAS,2,3,100,Chordata,Acanthuridae,Prionurus laticlavius,25,2
19-Mar-16,Puntarenas,9.78203,-84.890757,ISLA_TORTUGA,IT_SIN_TURISTAS,2,3,100,Chordata,Acanthuridae,Prionurus laticlavius,30,2
19-Mar-16,Puntarenas,9.78203,-84.890757,ISLA_TORTUGA,IT_SIN_TURISTAS,2,3,100,Chordata,Pomacentridae,Chromis atrilobata,10,15
19-Mar-16,Puntarenas,9.78203,-84.890757,ISLA_TORTUGA,IT_SIN_TURISTAS,2,3,100,Chordata,Balistidae,Balistes polylepis,35,2
19-Mar-16,Puntarenas,9.78203,-84.890757,ISLA_TORTUGA,IT_SIN_TURISTAS,2,3,100,Chordata,Chaetodontidae,Johnrandallia nigrirostris,20,2
19-Mar-16,Puntarenas,9.78203,-84.890757,ISLA_TORTUGA,IT_SIN_TURISTAS,2,3,100,Chordata,Haemulidae,Anisotremus taeniatus,30,2
19-Mar-16,Puntarenas,9.78203,-84.890757,ISLA_TORTUGA,IT_SIN_TURISTAS,2,3,100,Chordata,Haemulidae,Anisotremus taeniatus,35,1
19-Mar-16,Puntarenas,9.78203,-84.890757,ISLA_TORTUGA,IT_SIN_TURISTAS,2,3,100,Chordata,Holocentridae,Sargocentron suborbitalis,20,3
19-Mar-16,Puntarenas,9.78203,-84.890757,ISLA_TORTUGA,IT_SIN_TURISTAS,2,3,100,Chordata,Labridae,Bodianus diplotaenia,35,3
19-Mar-16,Puntarenas,9.78203,-84.890757,ISLA_TORTUGA,IT_SIN_TURISTAS,2,3,100,Chordata,Labridae,Bodianus diplotaenia,20,6
19-Mar-16,Puntarenas,9.78203,-84.890757,ISLA_TORTUGA,IT_SIN_TURISTAS,2,3,100,Chordata,Labridae,Bodianus diplotaenia,25,2
19-Mar-16,Puntarenas,9.78203,-84.890757,ISLA_TORTUGA,IT_SIN_TURISTAS,2,3,100,Chordata,Labridae,Thalassoma lucasanum,5,6
19-Mar-16,Puntarenas,9.78203,-84.890757,ISLA_TORTUGA,IT_SIN_TURISTAS,2,3,100,Chordata,Labridae,Thalassoma lucasanum,15,6
19-Mar-16,Puntarenas,9.78203,-84.890757,ISLA_TORTUGA,IT_SIN_TURISTAS,2,3,100,Chordata,Labridae,Thalassoma lucasanum,10,3
19-Mar-16,Puntarenas,9.78203,-84.890757,ISLA_TORTUGA,IT_SIN_TURISTAS,2,3,100,Chordata,Pomacanthidae,Holacanthus passer,25,2
19-Mar-16,Puntarenas,9.78203,-84.890757,ISLA_TORTUGA,IT_SIN_TURISTAS,2,3,100,Chordata,Pomacanthidae,Holacanthus passer,30,2
19-Mar-16,Puntarenas,9.78203,-84.890757,ISLA_TORTUGA,IT_SIN_TURISTAS,2,3,100,Chordata,Pomacentridae,Microspathodon dorsalis,35,3
19-Mar-16,Puntarenas,9.78203,-84.890757,ISLA_TORTUGA,IT_SIN_TURISTAS,2,3,100,Chordata,Pomacentridae,Microspathodon dorsalis,30,5
19-Mar-16,Puntarenas,9.78203,-84.890757,ISLA_TORTUGA,IT_SIN_TURISTAS,2,3,100,Chordata,Pomacentridae,Microspathodon dorsalis,35,4
19-Mar-16,Puntarenas,9.78203,-84.890757,ISLA_TORTUGA,IT_SIN_TURISTAS,2,3,100,Chordata,Pomacentridae,Microspathodon dorsalis,20,2
19-Mar-16,Puntarenas,9.78203,-84.890757,ISLA_TORTUGA,IT_SIN_TURISTAS,2,3,100,Chordata,Pomacentridae,Abudefduf troschelii,20,9
19-Mar-16,Puntarenas,9.78203,-84.890757,ISLA_TORTUGA,IT_SIN_TURISTAS,2,3,100,Chordata,Pomacentridae,Abudefduf troschelii,15,8
19-Mar-16,Puntarenas,9.78203,-84.890757,ISLA_TORTUGA,IT_SIN_TURISTAS,2,3,100,Chordata,Pomacentridae,Abudefduf concolor,5,9
19-Mar-16,Puntarenas,9.78203,-84.890757,ISLA_TORTUGA,IT_SIN_TURISTAS,2,3,100,Chordata,Pomacentridae,Abudefduf concolor,20,4
19-Mar-16,Puntarenas,9.78203,-84.890757,ISLA_TORTUGA,IT_SIN_TURISTAS,2,3,100,Chordata,Pomacentridae,Abudefduf concolor,15,3
19-Mar-16,Puntarenas,9.78203,-84.890757,ISLA_TORTUGA,IT_SIN_TURISTAS,2,3,100,Chordata,Pomacentridae,Stegastes flavilatus,15,5
19-Mar-16,Puntarenas,9.78203,-84.890757,ISLA_TORTUGA,IT_SIN_TURISTAS,2,3,100,Chordata,Pomacentridae,Stegastes flavilatus,10,13
19-Mar-16,Puntarenas,9.78203,-84.890757,ISLA_TORTUGA,IT_SIN_TURISTAS,2,3,100,Chordata,Pomacentridae,Stegastes flavilatus,15,6
19-Mar-16,Puntarenas,9.78203,-84.890757,ISLA_TORTUGA,IT_SIN_TURISTAS,2,3,100,Chordata,Cirrhitidae,Cirrhitus rivulatus,30,2
19-Mar-16,Puntarenas,9.78203,-84.890757,ISLA_TORTUGA,IT_SIN_TURISTAS,2,3,100,Chordata,Serranidae,Epinephelus panamensis,30,4
19-Mar-16,Puntarenas,9.78203,-84.890757,ISLA_TORTUGA,IT_SIN_TURISTAS,2,3,100,Chordata,Serranidae,Epinephelus labriformis,30,4
19-Mar-16,Puntarenas,9.78203,-84.890757,ISLA_TORTUGA,IT_SIN_TURISTAS,2,3,100,Chordata,Serranidae,Epinephelus labriformis,35,9
19-Mar-16,Puntarenas,9.78203,-84.890757,ISLA_TORTUGA,IT_SIN_TURISTAS,2,3,100,Chordata,Serranidae,Epinephelus labriformis,25,5
19-Mar-16,Puntarenas,9.78203,-84.890757,ISLA_TORTUGA,IT_SIN_TURISTAS,2,3,100,Chordata,Serranidae,Epinephelus labriformis,20,2
19-Mar-16,Puntarenas,9.78203,-84.890757,ISLA_TORTUGA,IT_SIN_TURISTAS,2,3,100,Chordata,Muraenidae,Echidna nebulosa,35,1
20-Mar-16,Puntarenas,9.781291,-84.892963,ISLA_TORTUGA,IT_CON_TURISTAS,1,2,100,Chordata,Pomacentridae,Chromis atrilobata,10,10
20-Mar-16,Puntarenas,9.781291,-84.892963,ISLA_TORTUGA,IT_CON_TURISTAS,1,2,100,Chordata,Balistidae,Balistes polylepis,30,2
20-Mar-16,Puntarenas,9.781291,-84.892963,ISLA_TORTUGA,IT_CON_TURISTAS,1,2,100,Chordata,Balistidae,Balistes polylepis,35,3
20-Mar-16,Puntarenas,9.781291,-84.892963,ISLA_TORTUGA,IT_CON_TURISTAS,1,2,100,Chordata,Balistidae,Sufflamen verres,35,3
20-Mar-16,Puntarenas,9.781291,-84.892963,ISLA_TORTUGA,IT_CON_TURISTAS,1,2,100,Chordata,Carangidae,Caranx caballus,25,8
20-Mar-16,Puntarenas,9.781291,-84.892963,ISLA_TORTUGA,IT_CON_TURISTAS,1,2,100,Chordata,Carangidae,Caranx caballus,30,3
20-Mar-16,Puntarenas,9.781291,-84.892963,ISLA_TORTUGA,IT_CON_TURISTAS,1,2,100,Chordata,Chaetodontidae,Johnrandallia nigrirostris,20,3
20-Mar-16,Puntarenas,9.781291,-84.892963,ISLA_TORTUGA,IT_CON_TURISTAS,1,2,100,Chordata,Chaetodontidae,Johnrandallia nigrirostris,25,3
20-Mar-16,Puntarenas,9.781291,-84.892963,ISLA_TORTUGA,IT_CON_TURISTAS,1,2,100,Chordata,Engraulidae,Anchoa eigenmannia,5,50
20-Mar-16,Puntarenas,9.781291,-84.892963,ISLA_TORTUGA,IT_CON_TURISTAS,1,2,100,Chordata,Diodontidae,Diodon hystrix,35,1
20-Mar-16,Puntarenas,9.781291,-84.892963,ISLA_TORTUGA,IT_CON_TURISTAS,1,2,100,Chordata,Haemulidae,Haemulon maculicauda,25,17
20-Mar-16,Puntarenas,9.781291,-84.892963,ISLA_TORTUGA,IT_CON_TURISTAS,1,2,100,Chordata,Haemulidae,Haemulon maculicauda,30,11
20-Mar-16,Puntarenas,9.781291,-84.892963,ISLA_TORTUGA,IT_CON_TURISTAS,1,2,100,Chordata,Haemulidae,Haemulon flaviguttatum,30,32
20-Mar-16,Puntarenas,9.781291,-84.892963,ISLA_TORTUGA,IT_CON_TURISTAS,1,2,100,Chordata,Haemulidae,Haemulon flaviguttatum,25,21
20-Mar-16,Puntarenas,9.781291,-84.892963,ISLA_TORTUGA,IT_CON_TURISTAS,1,2,100,Chordata,Labridae,Thalassoma lucasanum,5,29
20-Mar-16,Puntarenas,9.781291,-84.892963,ISLA_TORTUGA,IT_CON_TURISTAS,1,2,100,Chordata,Labridae,Thalassoma lucasanum,10,18
20-Mar-16,Puntarenas,9.781291,-84.892963,ISLA_TORTUGA,IT_CON_TURISTAS,1,2,100,Chordata,Labridae,Bodianus diplotaenia,35,1
20-Mar-16,Puntarenas,9.781291,-84.892963,ISLA_TORTUGA,IT_CON_TURISTAS,1,2,100,Chordata,Labridae,Bodianus diplotaenia,30,2
20-Mar-16,Puntarenas,9.781291,-84.892963,ISLA_TORTUGA,IT_CON_TURISTAS,1,2,100,Chordata,Pomacanthidae,Holacanthus passer,25,2
20-Mar-16,Puntarenas,9.781291,-84.892963,ISLA_TORTUGA,IT_CON_TURISTAS,1,2,100,Chordata,Pomacanthidae,Holacanthus passer,30,2
20-Mar-16,Puntarenas,9.781291,-84.892963,ISLA_TORTUGA,IT_CON_TURISTAS,1,2,100,Chordata,Pomacentridae,Microspathodon dorsalis,35,6
20-Mar-16,Puntarenas,9.781291,-84.892963,ISLA_TORTUGA,IT_CON_TURISTAS,1,2,100,Chordata,Pomacentridae,Microspathodon dorsalis,30,11
20-Mar-16,Puntarenas,9.781291,-84.892963,ISLA_TORTUGA,IT_CON_TURISTAS,1,2,100,Chordata,Pomacentridae,Microspathodon dorsalis,20,6
20-Mar-16,Puntarenas,9.781291,-84.892963,ISLA_TORTUGA,IT_CON_TURISTAS,1,2,100,Chordata,Pomacentridae,Abudefduf troschelii,20,31
20-Mar-16,Puntarenas,9.781291,-84.892963,ISLA_TORTUGA,IT_CON_TURISTAS,1,2,100,Chordata,Pomacentridae,Abudefduf troschelii,25,20
20-Mar-16,Puntarenas,9.781291,-84.892963,ISLA_TORTUGA,IT_CON_TURISTAS,1,2,100,Chordata,Pomacentridae,Abudefduf concolor,10,11
20-Mar-16,Puntarenas,9.781291,-84.892963,ISLA_TORTUGA,IT_CON_TURISTAS,1,2,100,Chordata,Pomacentridae,Abudefduf concolor,5,3
20-Mar-16,Puntarenas,9.781291,-84.892963,ISLA_TORTUGA,IT_CON_TURISTAS,1,2,100,Chordata,Pomacentridae,Stegastes flavilatus,25,4
20-Mar-16,Puntarenas,9.781291,-84.892963,ISLA_TORTUGA,IT_CON_TURISTAS,1,2,100,Chordata,Scaridae,Scarus perrico,30,2
20-Mar-16,Puntarenas,9.781291,-84.892963,ISLA_TORTUGA,IT_CON_TURISTAS,1,2,100,Chordata,Serranidae,Epinephelus panamensis,20,3
20-Mar-16,Puntarenas,9.781291,-84.892963,ISLA_TORTUGA,IT_CON_TURISTAS,1,2,100,Chordata,Serranidae,Epinephelus panamensis,25,2
20-Mar-16,Puntarenas,9.781291,-84.892963,ISLA_TORTUGA,IT_CON_TURISTAS,1,2,100,Chordata,Serranidae,Epinephelus labriformis,30,4
20-Mar-16,Puntarenas,9.781291,-84.892963,ISLA_TORTUGA,IT_CON_TURISTAS,1,2,100,Chordata,Serranidae,Epinephelus labriformis,35,4
20-Mar-16,Puntarenas,9.781291,-84.892963,ISLA_TORTUGA,IT_CON_TURISTAS,1,2,100,Chordata,Serranidae,Epinephelus labriformis,25,3
20-Mar-16,Puntarenas,9.781291,-84.892963,ISLA_TORTUGA,IT_CON_TURISTAS,1,2,100,Chordata,Tetraodontidae,Arothron hispidus,35,2
20-Mar-16,Puntarenas,9.781291,-84.892963,ISLA_TORTUGA,IT_CON_TURISTAS,1,2,100,Chordata,Carangidae,Gnathanodon speciosus,35,2
20-Mar-16,Puntarenas,9.781291,-84.892963,ISLA_TORTUGA,IT_CON_TURISTAS,2,2,100,Chordata,Pomacentridae,Chromis atrilobata,5,50
20-Mar-16,Puntarenas,9.781291,-84.892963,ISLA_TORTUGA,IT_CON_TURISTAS,2,2,100,Chordata,Carangidae,Caranx caballus,20,5
20-Mar-16,Puntarenas,9.781291,-84.892963,ISLA_TORTUGA,IT_CON_TURISTAS,2,2,100,Chordata,Chaetodontidae,Johnrandallia nigrirostris,15,5
20-Mar-16,Puntarenas,9.781291,-84.892963,ISLA_TORTUGA,IT_CON_TURISTAS,2,2,100,Chordata,Haemulidae,Haemulon flaviguttatum,25,20
20-Mar-16,Puntarenas,9.781291,-84.892963,ISLA_TORTUGA,IT_CON_TURISTAS,2,2,100,Chordata,Haemulidae,Haemulon flaviguttatum,30,12
20-Mar-16,Puntarenas,9.781291,-84.892963,ISLA_TORTUGA,IT_CON_TURISTAS,2,2,100,Chordata,Haemulidae,Anisotremus taeniatus,30,6
20-Mar-16,Puntarenas,9.781291,-84.892963,ISLA_TORTUGA,IT_CON_TURISTAS,2,2,100,Chordata,Haemulidae,Anisotremus taeniatus,35,5
20-Mar-16,Puntarenas,9.781291,-84.892963,ISLA_TORTUGA,IT_CON_TURISTAS,2,2,100,Chordata,Holocentridae,Sargocentron suborbitalis,20,9
20-Mar-16,Puntarenas,9.781291,-84.892963,ISLA_TORTUGA,IT_CON_TURISTAS,2,2,100,Chordata,Labridae,Thalassoma lucasanum,5,29
20-Mar-16,Puntarenas,9.781291,-84.892963,ISLA_TORTUGA,IT_CON_TURISTAS,2,2,100,Chordata,Labridae,Thalassoma lucasanum,10,23
20-Mar-16,Puntarenas,9.781291,-84.892963,ISLA_TORTUGA,IT_CON_TURISTAS,2,2,100,Chordata,Labridae,Bodianus diplotaenia,25,3
20-Mar-16,Puntarenas,9.781291,-84.892963,ISLA_TORTUGA,IT_CON_TURISTAS,2,2,100,Chordata,Lutjanidae,Lutjanus guttatus,25,4
20-Mar-16,Puntarenas,9.781291,-84.892963,ISLA_TORTUGA,IT_CON_TURISTAS,2,2,100,Chordata,Pomacanthidae,Holacanthus passer,20,4
20-Mar-16,Puntarenas,9.781291,-84.892963,ISLA_TORTUGA,IT_CON_TURISTAS,2,2,100,Chordata,Pomacentridae,Microspathodon dorsalis,35,1
20-Mar-16,Puntarenas,9.781291,-84.892963,ISLA_TORTUGA,IT_CON_TURISTAS,2,2,100,Chordata,Pomacentridae,Microspathodon dorsalis,30,6
20-Mar-16,Puntarenas,9.781291,-84.892963,ISLA_TORTUGA,IT_CON_TURISTAS,2,2,100,Chordata,Pomacentridae,Microspathodon dorsalis,25,4
20-Mar-16,Puntarenas,9.781291,-84.892963,ISLA_TORTUGA,IT_CON_TURISTAS,2,2,100,Chordata,Pomacentridae,Abudefduf troschelii,20,13
20-Mar-16,Puntarenas,9.781291,-84.892963,ISLA_TORTUGA,IT_CON_TURISTAS,2,2,100,Chordata,Pomacentridae,Abudefduf troschelii,15,7
20-Mar-16,Puntarenas,9.781291,-84.892963,ISLA_TORTUGA,IT_CON_TURISTAS,2,2,100,Chordata,Pomacentridae,Abudefduf concolor,5,6
20-Mar-16,Puntarenas,9.781291,-84.892963,ISLA_TORTUGA,IT_CON_TURISTAS,2,2,100,Chordata,Pomacentridae,Abudefduf concolor,10,5
20-Mar-16,Puntarenas,9.781291,-84.892963,ISLA_TORTUGA,IT_CON_TURISTAS,2,2,100,Chordata,Pomacentridae,Abudefduf concolor,25,7
20-Mar-16,Puntarenas,9.781291,-84.892963,ISLA_TORTUGA,IT_CON_TURISTAS,2,2,100,Chordata,Pomacentridae,Abudefduf concolor,30,3
20-Mar-16,Puntarenas,9.781291,-84.892963,ISLA_TORTUGA,IT_CON_TURISTAS,2,2,100,Chordata,Scaridae,Scarus perrico,25,2
20-Mar-16,Puntarenas,9.781291,-84.892963,ISLA_TORTUGA,IT_CON_TURISTAS,2,2,100,Chordata,Serranidae,Epinephelus panamensis,15,15
20-Mar-16,Puntarenas,9.781291,-84.892963,ISLA_TORTUGA,IT_CON_TURISTAS,2,2,100,Chordata,Serranidae,Epinephelus panamensis,25,1
20-Mar-16,Puntarenas,9.781291,-84.892963,ISLA_TORTUGA,IT_CON_TURISTAS,2,2,100,Chordata,Serranidae,Epinephelus labriformis,25,5
20-Mar-16,Puntarenas,9.781291,-84.892963,ISLA_TORTUGA,IT_CON_TURISTAS,2,2,100,Chordata,Serranidae,Epinephelus labriformis,35,2
21-May-16,Guanacaste,10.935017,-85.794883,CUAJINIQUIL,C_MATAPALITO,1,2.25,100,Chordata,Tetraodontidae,Arothron hispidus,40,2
21-May-16,Guanacaste,10.935017,-85.794883,CUAJINIQUIL,C_MATAPALITO,1,2.25,100,Chordata,Balistidae,Balistes polylepis,10,1
21-May-16,Guanacaste,10.935017,-85.794883,CUAJINIQUIL,C_MATAPALITO,1,2.25,100,Chordata,Tetraodontidae,Canthigaster punctatissima,5,4
21-May-16,Guanacaste,10.935017,-85.794883,CUAJINIQUIL,C_MATAPALITO,1,2.25,100,Chordata,Pomacentridae,Chromis atrilobata,10,140
21-May-16,Guanacaste,10.935017,-85.794883,CUAJINIQUIL,C_MATAPALITO,1,2.25,100,Chordata,Diodontidae,Diodon holocanthus,15,5
21-May-16,Guanacaste,10.935017,-85.794883,CUAJINIQUIL,C_MATAPALITO,1,2.25,100,Chordata,Diodontidae,Diodon holocanthus,20,2
21-May-16,Guanacaste,10.935017,-85.794883,CUAJINIQUIL,C_MATAPALITO,1,2.25,100,Chordata,Muraenidae,Echidna nebulosa,50,1
21-May-16,Guanacaste,10.935017,-85.794883,CUAJINIQUIL,C_MATAPALITO,1,2.25,100,Chordata,Serranidae,Epinephelus labriformis,10,4
21-May-16,Guanacaste,10.935017,-85.794883,CUAJINIQUIL,C_MATAPALITO,1,2.25,100,Chordata,Serranidae,Epinephelus labriformis,15,3
21-May-16,Guanacaste,10.935017,-85.794883,CUAJINIQUIL,C_MATAPALITO,1,2.25,100,Chordata,Serranidae,Epinephelus labriformis,20,1
21-May-16,Guanacaste,10.935017,-85.794883,CUAJINIQUIL,C_MATAPALITO,1,2.25,100,Chordata,Fistulariidae,Fistularia commersonii,40,1
21-May-16,Guanacaste,10.935017,-85.794883,CUAJINIQUIL,C_MATAPALITO,1,2.25,100,Chordata,Fistulariidae,Fistularia commersonii,70,1
21-May-16,Guanacaste,10.935017,-85.794883,CUAJINIQUIL,C_MATAPALITO,1,2.25,100,Chordata,Chaetodontidae,Johnrandallia nigrirostris,15,6
21-May-16,Guanacaste,10.935017,-85.794883,CUAJINIQUIL,C_MATAPALITO,1,2.25,100,Chordata,Blenniidae,Ophioblennius steindachneri,10,9
21-May-16,Guanacaste,10.935017,-85.794883,CUAJINIQUIL,C_MATAPALITO,1,2.25,100,Chordata,Blenniidae,Ophioblennius steindachneri,15,2
21-May-16,Guanacaste,10.935017,-85.794883,CUAJINIQUIL,C_MATAPALITO,1,2.25,100,Chordata,Serranidae,Rypticus bicolor,20,1
21-May-16,Guanacaste,10.935017,-85.794883,CUAJINIQUIL,C_MATAPALITO,1,2.25,100,Chordata,Scaridae,Scarus ghobban,10,55
21-May-16,Guanacaste,10.935017,-85.794883,CUAJINIQUIL,C_MATAPALITO,1,2.25,100,Chordata,Scaridae,Scarus ghobban,15,44
21-May-16,Guanacaste,10.935017,-85.794883,CUAJINIQUIL,C_MATAPALITO,1,2.25,100,Chordata,Labridae,Thalassoma lucasanum,10,124
21-May-16,Guanacaste,10.935017,-85.794883,CUAJINIQUIL,C_MATAPALITO,1,2.25,100,Chordata,Labridae,Thalassoma lucasanum,15,15
21-May-16,Guanacaste,10.935017,-85.794883,CUAJINIQUIL,C_MATAPALITO,2,2.25,100,Chordata,Tetraodontidae,Arothron hispidus,40,5
21-May-16,Guanacaste,10.935017,-85.794883,CUAJINIQUIL,C_MATAPALITO,2,2.25,100,Chordata,Balistidae,Balistes polylepis,10,1
21-May-16,Guanacaste,10.935017,-85.794883,CUAJINIQUIL,C_MATAPALITO,2,2.25,100,Chordata,Chaetodontidae,Chaetodon humeralis,5,1
21-May-16,Guanacaste,10.935017,-85.794883,CUAJINIQUIL,C_MATAPALITO,2,2.25,100,Chordata,Pomacentridae,Chromis atrilobata,15,30
21-May-16,Guanacaste,10.935017,-85.794883,CUAJINIQUIL,C_MATAPALITO,2,2.25,100,Chordata,Diodontidae,Diodon holocanthus,20,2
21-May-16,Guanacaste,10.935017,-85.794883,CUAJINIQUIL,C_MATAPALITO,2,2.25,100,Chordata,Serranidae,Epinephelus labriformis,10,2
21-May-16,Guanacaste,10.935017,-85.794883,CUAJINIQUIL,C_MATAPALITO,2,2.25,100,Chordata,Fistulariidae,Fistularia commersonii,70,1
21-May-16,Guanacaste,10.935017,-85.794883,CUAJINIQUIL,C_MATAPALITO,2,2.25,100,Chordata,Labridae,Halichoeres dispilus,15,5
21-May-16,Guanacaste,10.935017,-85.794883,CUAJINIQUIL,C_MATAPALITO,2,2.25,100,Chordata,Blenniidae,Ophioblennius steindachneri,10,3
21-May-16,Guanacaste,10.935017,-85.794883,CUAJINIQUIL,C_MATAPALITO,2,2.25,100,Chordata,Scaridae,Scarus ghobban,10,20
21-May-16,Guanacaste,10.935017,-85.794883,CUAJINIQUIL,C_MATAPALITO,2,2.25,100,Chordata,Scaridae,Scarus ghobban,15,45
21-May-16,Guanacaste,10.935017,-85.794883,CUAJINIQUIL,C_MATAPALITO,2,2.25,100,Chordata,Scaridae,Scarus ghobban,20,3
21-May-16,Guanacaste,10.935017,-85.794883,CUAJINIQUIL,C_MATAPALITO,2,2.25,100,Chordata,Serranidae,Serranus psittacinus,5,3
21-May-16,Guanacaste,10.935017,-85.794883,CUAJINIQUIL,C_MATAPALITO,2,2.25,100,Chordata,Serranidae,Serranus psittacinus,10,2
21-May-16,Guanacaste,10.935017,-85.794883,CUAJINIQUIL,C_MATAPALITO,2,2.25,100,Chordata,Serranidae,Serranus psittacinus,15,1
21-May-16,Guanacaste,10.935017,-85.794883,CUAJINIQUIL,C_MATAPALITO,2,2.25,100,Chordata,Labridae,Thalassoma lucasanum,5,50
21-May-16,Guanacaste,10.935017,-85.794883,CUAJINIQUIL,C_MATAPALITO,2,2.25,100,Chordata,Labridae,Thalassoma lucasanum,10,95
21-May-16,Guanacaste,10.935017,-85.794883,CUAJINIQUIL,C_MATAPALITO,2,2.25,100,Chordata,Labridae,Thalassoma lucasanum,15,20
21-May-16,Guanacaste,10.937683,-85.801716,CUAJINIQUIL,C_PITAYA,1,4.5,100,Chordata,Acanthuridae,Acanthurus xanthopterus,20,3
21-May-16,Guanacaste,10.937683,-85.801716,CUAJINIQUIL,C_PITAYA,1,4.5,100,Chordata,Tetraodontidae,Arothron meleagris,15,1
21-May-16,Guanacaste,10.937683,-85.801716,CUAJINIQUIL,C_PITAYA,1,4.5,100,Chordata,Tetraodontidae,Arothron meleagris,20,1
21-May-16,Guanacaste,10.937683,-85.801716,CUAJINIQUIL,C_PITAYA,1,4.5,100,Chordata,Tetraodontidae,Canthigaster punctatissima,5,3
21-May-16,Guanacaste,10.937683,-85.801716,CUAJINIQUIL,C_PITAYA,1,4.5,100,Chordata,Pomacentridae,Chromis atrilobata,10,30
21-May-16,Guanacaste,10.937683,-85.801716,CUAJINIQUIL,C_PITAYA,1,4.5,100,Chordata,Diodontidae,Diodon holocanthus,15,2
21-May-16,Guanacaste,10.937683,-85.801716,CUAJINIQUIL,C_PITAYA,1,4.5,100,Chordata,Diodontidae,Diodon holocanthus,20,1
21-May-16,Guanacaste,10.937683,-85.801716,CUAJINIQUIL,C_PITAYA,1,4.5,100,Chordata,Serranidae,Epinephelus labriformis,15,2
21-May-16,Guanacaste,10.937683,-85.801716,CUAJINIQUIL,C_PITAYA,1,4.5,100,Chordata,Serranidae,Epinephelus labriformis,20,3
21-May-16,Guanacaste,10.937683,-85.801716,CUAJINIQUIL,C_PITAYA,1,4.5,100,Chordata,Fistulariidae,Fistularia commersonii,40,3
21-May-16,Guanacaste,10.937683,-85.801716,CUAJINIQUIL,C_PITAYA,1,4.5,100,Chordata,Labridae,Halichoeres dispilus,10,50
21-May-16,Guanacaste,10.937683,-85.801716,CUAJINIQUIL,C_PITAYA,1,4.5,100,Chordata,Pomacentridae,Microspathodon dorsalis,20,1
21-May-16,Guanacaste,10.937683,-85.801716,CUAJINIQUIL,C_PITAYA,1,4.5,100,Chordata,Pomacentridae,Microspathodon dorsalis,25,3
21-May-16,Guanacaste,10.937683,-85.801716,CUAJINIQUIL,C_PITAYA,1,4.5,100,Chordata,Blenniidae,Ophioblennius steindachneri,15,2
21-May-16,Guanacaste,10.937683,-85.801716,CUAJINIQUIL,C_PITAYA,1,4.5,100,Chordata,Scaridae,Scarus ghobban,15,3
21-May-16,Guanacaste,10.937683,-85.801716,CUAJINIQUIL,C_PITAYA,1,4.5,100,Chordata,Serranidae,Serranus psittacinus,5,1
21-May-16,Guanacaste,10.937683,-85.801716,CUAJINIQUIL,C_PITAYA,1,4.5,100,Chordata,Serranidae,Serranus psittacinus,10,1
21-May-16,Guanacaste,10.937683,-85.801716,CUAJINIQUIL,C_PITAYA,1,4.5,100,Chordata,Serranidae,Serranus psittacinus,15,2
21-May-16,Guanacaste,10.937683,-85.801716,CUAJINIQUIL,C_PITAYA,1,4.5,100,Chordata,Serranidae,Serranus psittacinus,20,1
21-May-16,Guanacaste,10.937683,-85.801716,CUAJINIQUIL,C_PITAYA,1,4.5,100,Chordata,Pomacentridae,Stegastes flavilatus,5,2
21-May-16,Guanacaste,10.937683,-85.801716,CUAJINIQUIL,C_PITAYA,1,4.5,100,Chordata,Pomacentridae,Stegastes flavilatus,10,5
21-May-16,Guanacaste,10.937683,-85.801716,CUAJINIQUIL,C_PITAYA,1,4.5,100,Chordata,Pomacentridae,Stegastes flavilatus,15,20
21-May-16,Guanacaste,10.937683,-85.801716,CUAJINIQUIL,C_PITAYA,1,4.5,100,Chordata,Pomacentridae,Stegastes flavilatus,5,3
21-May-16,Guanacaste,10.937683,-85.801716,CUAJINIQUIL,C_PITAYA,1,4.5,100,Chordata,Pomacentridae,Stegastes flavilatus,15,1
21-May-16,Guanacaste,10.937683,-85.801716,CUAJINIQUIL,C_PITAYA,1,4.5,100,Chordata,Pomacentridae,Stegastes flavilatus,20,9
21-May-16,Guanacaste,10.937683,-85.801716,CUAJINIQUIL,C_PITAYA,2,3,100,Chordata,Pomacentridae,Abudefduf troschelii,10,4
21-May-16,Guanacaste,10.937683,-85.801716,CUAJINIQUIL,C_PITAYA,2,3,100,Chordata,Acanthuridae,Acanthurus xanthopterus,20,1
21-May-16,Guanacaste,10.937683,-85.801716,CUAJINIQUIL,C_PITAYA,2,3,100,Chordata,Tetraodontidae,Arothron meleagris,20,1
21-May-16,Guanacaste,10.937683,-85.801716,CUAJINIQUIL,C_PITAYA,2,3,100,Chordata,Labridae,Bodianus diplotaenia,15,5
21-May-16,Guanacaste,10.937683,-85.801716,CUAJINIQUIL,C_PITAYA,2,3,100,Chordata,Fistulariidae,Fistularia commersonii,50,4
21-May-16,Guanacaste,10.937683,-85.801716,CUAJINIQUIL,C_PITAYA,2,3,100,Chordata,Labridae,Halichoeres dispilus,10,5
21-May-16,Guanacaste,10.937683,-85.801716,CUAJINIQUIL,C_PITAYA,2,3,100,Chordata,Chaetodontidae,Johnrandallia nigrirostris,15,19
21-May-16,Guanacaste,10.937683,-85.801716,CUAJINIQUIL,C_PITAYA,2,3,100,Chordata,Pomacentridae,Microspathodon dorsalis,25,5
21-May-16,Guanacaste,10.937683,-85.801716,CUAJINIQUIL,C_PITAYA,2,3,100,Chordata,Blenniidae,Ophioblennius steindachneri,10,2
21-May-16,Guanacaste,10.937683,-85.801716,CUAJINIQUIL,C_PITAYA,2,3,100,Chordata,Blenniidae,Ophioblennius steindachneri,15,1
21-May-16,Guanacaste,10.937683,-85.801716,CUAJINIQUIL,C_PITAYA,2,3,100,Chordata,Pomacentridae,Stegastes flavilatus,10,5
21-May-16,Guanacaste,10.937683,-85.801716,CUAJINIQUIL,C_PITAYA,2,3,100,Chordata,Pomacentridae,Stegastes flavilatus,15,31
21-May-16,Guanacaste,10.937683,-85.801716,CUAJINIQUIL,C_PITAYA,2,3,100,Chordata,Labridae,Thalassoma lucasanum,5,50
21-May-16,Guanacaste,10.937683,-85.801716,CUAJINIQUIL,C_PITAYA,2,3,100,Chordata,Labridae,Thalassoma lucasanum,15,1
21-May-16,Guanacaste,10.93155,-85.799916,CUAJINIQUIL,C_PTA_POCHOTE,1,2,100,Chordata,Balistidae,Balistes polylepis,5,3
21-May-16,Guanacaste,10.93155,-85.799916,CUAJINIQUIL,C_PTA_POCHOTE,1,2,100,Chordata,Balistidae,Balistes polylepis,10,11
21-May-16,Guanacaste,10.93155,-85.799916,CUAJINIQUIL,C_PTA_POCHOTE,1,2,100,Chordata,Balistidae,Balistes polylepis,15,1
21-May-16,Guanacaste,10.93155,-85.799916,CUAJINIQUIL,C_PTA_POCHOTE,1,2,100,Chordata,Tetraodontidae,Canthigaster punctatissima,5,3
21-May-16,Guanacaste,10.93155,-85.799916,CUAJINIQUIL,C_PTA_POCHOTE,1,2,100,Chordata,Tetraodontidae,Canthigaster punctatissima,10,8
21-May-16,Guanacaste,10.93155,-85.799916,CUAJINIQUIL,C_PTA_POCHOTE,1,2,100,Chordata,Diodontidae,Diodon holocanthus,15,4
21-May-16,Guanacaste,10.93155,-85.799916,CUAJINIQUIL,C_PTA_POCHOTE,1,2,100,Chordata,Serranidae,Epinephelus labriformis,10,2
21-May-16,Guanacaste,10.93155,-85.799916,CUAJINIQUIL,C_PTA_POCHOTE,1,2,100,Chordata,Serranidae,Epinephelus labriformis,15,3
21-May-16,Guanacaste,10.93155,-85.799916,CUAJINIQUIL,C_PTA_POCHOTE,1,2,100,Chordata,Fistulariidae,Fistularia commersonii,30,1
21-May-16,Guanacaste,10.93155,-85.799916,CUAJINIQUIL,C_PTA_POCHOTE,1,2,100,Chordata,Fistulariidae,Fistularia commersonii,70,1
21-May-16,Guanacaste,10.93155,-85.799916,CUAJINIQUIL,C_PTA_POCHOTE,1,2,100,Chordata,Chaetodontidae,Johnrandallia nigrirostris,5,1
21-May-16,Guanacaste,10.93155,-85.799916,CUAJINIQUIL,C_PTA_POCHOTE,1,2,100,Chordata,Blenniidae,Ophioblennius steindachneri,10,1
21-May-16,Guanacaste,10.93155,-85.799916,CUAJINIQUIL,C_PTA_POCHOTE,1,2,100,Chordata,Blenniidae,Ophioblennius steindachneri,15,2
21-May-16,Guanacaste,10.93155,-85.799916,CUAJINIQUIL,C_PTA_POCHOTE,1,2,100,Chordata,Pomacanthidae,Pomacanthus zonipectus,15,1
21-May-16,Guanacaste,10.93155,-85.799916,CUAJINIQUIL,C_PTA_POCHOTE,1,2,100,Chordata,Scaridae,Scarus ghobban,10,5
21-May-16,Guanacaste,10.93155,-85.799916,CUAJINIQUIL,C_PTA_POCHOTE,1,2,100,Chordata,Scaridae,Scarus ghobban,15,6
21-May-16,Guanacaste,10.93155,-85.799916,CUAJINIQUIL,C_PTA_POCHOTE,1,2,100,Chordata,Serranidae,Serranus psittacinus,5,1
21-May-16,Guanacaste,10.93155,-85.799916,CUAJINIQUIL,C_PTA_POCHOTE,1,2,100,Chordata,Serranidae,Serranus psittacinus,10,6
21-May-16,Guanacaste,10.93155,-85.799916,CUAJINIQUIL,C_PTA_POCHOTE,1,2,100,Chordata,Serranidae,Serranus psittacinus,15,7
21-May-16,Guanacaste,10.93155,-85.799916,CUAJINIQUIL,C_PTA_POCHOTE,1,2,100,Chordata,Pomacentridae,Stegastes flavilatus,10,5
21-May-16,Guanacaste,10.93155,-85.799916,CUAJINIQUIL,C_PTA_POCHOTE,1,2,100,Chordata,Pomacentridae,Stegastes flavilatus,15,32
21-May-16,Guanacaste,10.93155,-85.799916,CUAJINIQUIL,C_PTA_POCHOTE,1,2,100,Chordata,Labridae,Thalassoma lucasanum,10,56
21-May-16,Guanacaste,10.93155,-85.799916,CUAJINIQUIL,C_PTA_POCHOTE,1,2,100,Chordata,Labridae,Thalassoma lucasanum,15,18
21-May-16,Guanacaste,10.93155,-85.799916,CUAJINIQUIL,C_PTA_POCHOTE,2,1,100,Chordata,Pomacentridae,Abudefduf concolor,15,3
21-May-16,Guanacaste,10.93155,-85.799916,CUAJINIQUIL,C_PTA_POCHOTE,2,1,100,Chordata,Pomacentridae,Abudefduf concolor,20,4
21-May-16,Guanacaste,10.93155,-85.799916,CUAJINIQUIL,C_PTA_POCHOTE,2,1,100,Chordata,Tetraodontidae,Arothron meleagris,20,2
21-May-16,Guanacaste,10.93155,-85.799916,CUAJINIQUIL,C_PTA_POCHOTE,2,1,100,Chordata,Balistidae,Balistes polylepis,10,1
21-May-16,Guanacaste,10.93155,-85.799916,CUAJINIQUIL,C_PTA_POCHOTE,2,1,100,Chordata,Pomacentridae,Microspathodon bairdii,25,1
21-May-16,Guanacaste,10.93155,-85.799916,CUAJINIQUIL,C_PTA_POCHOTE,2,1,100,Chordata,Muraenidae,Muraena clepsydra,70,1
21-May-16,Guanacaste,10.93155,-85.799916,CUAJINIQUIL,C_PTA_POCHOTE,2,1,100,Chordata,Blenniidae,Ophioblennius steindachneri,15,7
21-May-16,Guanacaste,10.93155,-85.799916,CUAJINIQUIL,C_PTA_POCHOTE,2,1,100,Chordata,Scaridae,Scarus ghobban,15,11
21-May-16,Guanacaste,10.93155,-85.799916,CUAJINIQUIL,C_PTA_POCHOTE,2,1,100,Chordata,Pomacentridae,Stegastes flavilatus,10,17
21-May-16,Guanacaste,10.93155,-85.799916,CUAJINIQUIL,C_PTA_POCHOTE,2,1,100,Chordata,Pomacentridae,Stegastes flavilatus,15,28
21-May-16,Guanacaste,10.93155,-85.799916,CUAJINIQUIL,C_PTA_POCHOTE,2,1,100,Chordata,Labridae,Thalassoma lucasanum,15,12
22-May-16,Guanacaste,10.938896,-85.732617,CUAJINIQUIL,SR_HACHAL,1,2,100,Chordata,Acanthuridae,Acanthurus xanthopterus,15,1
22-May-16,Guanacaste,10.938896,-85.732617,CUAJINIQUIL,SR_HACHAL,1,2,100,Chordata,Tetraodontidae,Arothron hispidus,40,1
22-May-16,Guanacaste,10.938896,-85.732617,CUAJINIQUIL,SR_HACHAL,1,2,100,Chordata,Balistidae,Balistes polylepis,10,3
22-May-16,Guanacaste,10.938896,-85.732617,CUAJINIQUIL,SR_HACHAL,1,2,100,Chordata,Tetraodontidae,Canthigaster punctatissima,5,3
22-May-16,Guanacaste,10.938896,-85.732617,CUAJINIQUIL,SR_HACHAL,1,2,100,Chordata,Diodontidae,Diodon holocanthus,5,1
22-May-16,Guanacaste,10.938896,-85.732617,CUAJINIQUIL,SR_HACHAL,1,2,100,Chordata,Diodontidae,Diodon holocanthus,10,1
22-May-16,Guanacaste,10.938896,-85.732617,CUAJINIQUIL,SR_HACHAL,1,2,100,Chordata,Diodontidae,Diodon holocanthus,20,3
22-May-16,Guanacaste,10.938896,-85.732617,CUAJINIQUIL,SR_HACHAL,1,2,100,Chordata,Serranidae,Epinephelus labriformis,5,1
22-May-16,Guanacaste,10.938896,-85.732617,CUAJINIQUIL,SR_HACHAL,1,2,100,Chordata,Serranidae,Epinephelus labriformis,10,2
22-May-16,Guanacaste,10.938896,-85.732617,CUAJINIQUIL,SR_HACHAL,1,2,100,Chordata,Fistulariidae,Fistularia commersonii,30,17
22-May-16,Guanacaste,10.938896,-85.732617,CUAJINIQUIL,SR_HACHAL,1,2,100,Chordata,Fistulariidae,Fistularia commersonii,40,9
22-May-16,Guanacaste,10.938896,-85.732617,CUAJINIQUIL,SR_HACHAL,1,2,100,Chordata,Fistulariidae,Fistularia commersonii,50,1
22-May-16,Guanacaste,10.938896,-85.732617,CUAJINIQUIL,SR_HACHAL,1,2,100,Chordata,Labridae,Halichoeres dispilus,10,1
22-May-16,Guanacaste,10.938896,-85.732617,CUAJINIQUIL,SR_HACHAL,1,2,100,Chordata,Labridae,Halichoeres dispilus,15,2
22-May-16,Guanacaste,10.938896,-85.732617,CUAJINIQUIL,SR_HACHAL,1,2,100,Chordata,Blenniidae,Ophioblennius steindachneri,15,6
22-May-16,Guanacaste,10.938896,-85.732617,CUAJINIQUIL,SR_HACHAL,1,2,100,Chordata,Scaridae,Scarus ghobban,5,2
22-May-16,Guanacaste,10.938896,-85.732617,CUAJINIQUIL,SR_HACHAL,1,2,100,Chordata,Scaridae,Scarus ghobban,10,2
22-May-16,Guanacaste,10.938896,-85.732617,CUAJINIQUIL,SR_HACHAL,1,2,100,Chordata,Serranidae,Serranus psittacinus,10,4
22-May-16,Guanacaste,10.938896,-85.732617,CUAJINIQUIL,SR_HACHAL,1,2,100,Chordata,Serranidae,Serranus psittacinus,15,2
22-May-16,Guanacaste,10.938896,-85.732617,CUAJINIQUIL,SR_HACHAL,1,2,100,Chordata,Pomacentridae,Stegastes flavilatus,5,1
22-May-16,Guanacaste,10.938896,-85.732617,CUAJINIQUIL,SR_HACHAL,1,2,100,Chordata,Pomacentridae,Stegastes flavilatus,10,3
22-May-16,Guanacaste,10.938896,-85.732617,CUAJINIQUIL,SR_HACHAL,1,2,100,Chordata,Pomacentridae,Stegastes flavilatus,15,7
22-May-16,Guanacaste,10.938896,-85.732617,CUAJINIQUIL,SR_HACHAL,1,2,100,Chordata,Labridae,Thalassoma lucasanum,10,95
22-May-16,Guanacaste,10.938896,-85.732617,CUAJINIQUIL,SR_HACHAL,1,2,100,Chordata,Labridae,Thalassoma lucasanum,15,53
21-May-16,Guanacaste,10.935017,-85.794883,CUAJINIQUIL,C_MATAPALITO,1,2,100,Chordata,Tetraodontidae,Canthigaster punctatissima,5,4
21-May-16,Guanacaste,10.935017,-85.794883,CUAJINIQUIL,C_MATAPALITO,1,2,100,Chordata,Tetraodontidae,Canthigaster punctatissima,10,6
21-May-16,Guanacaste,10.935017,-85.794883,CUAJINIQUIL,C_MATAPALITO,1,2,100,Chordata,Pomacentridae,Chromis atrilobata,10,5
21-May-16,Guanacaste,10.935017,-85.794883,CUAJINIQUIL,C_MATAPALITO,1,2,100,Chordata,Cirrhitidae,Cirrhitus rivulatus,10,1
21-May-16,Guanacaste,10.935017,-85.794883,CUAJINIQUIL,C_MATAPALITO,1,2,100,Chordata,Cirrhitidae,Cirrhitus rivulatus,15,2
21-May-16,Guanacaste,10.935017,-85.794883,CUAJINIQUIL,C_MATAPALITO,1,2,100,Chordata,Diodontidae,Diodon holocanthus,15,3
21-May-16,Guanacaste,10.935017,-85.794883,CUAJINIQUIL,C_MATAPALITO,1,2,100,Chordata,Diodontidae,Diodon holocanthus,20,6
21-May-16,Guanacaste,10.935017,-85.794883,CUAJINIQUIL,C_MATAPALITO,1,2,100,Chordata,Fistulariidae,Fistularia commersonii,40,1
21-May-16,Guanacaste,10.935017,-85.794883,CUAJINIQUIL,C_MATAPALITO,1,2,100,Chordata,Chaetodontidae,Johnrandallia nigrirostris,10,1
21-May-16,Guanacaste,10.935017,-85.794883,CUAJINIQUIL,C_MATAPALITO,1,2,100,Chordata,Blenniidae,Ophioblennius steindachneri,10,2
21-May-16,Guanacaste,10.935017,-85.794883,CUAJINIQUIL,C_MATAPALITO,1,2,100,Chordata,Blenniidae,Ophioblennius steindachneri,15,3
21-May-16,Guanacaste,10.935017,-85.794883,CUAJINIQUIL,C_MATAPALITO,1,2,100,Chordata,Serranidae,Serranus psittacinus,15,12
21-May-16,Guanacaste,10.935017,-85.794883,CUAJINIQUIL,C_MATAPALITO,1,2,100,Chordata,Pomacentridae,Stegastes acapulcoensis,5,4
21-May-16,Guanacaste,10.935017,-85.794883,CUAJINIQUIL,C_MATAPALITO,1,2,100,Chordata,Pomacentridae,Stegastes acapulcoensis,10,1
21-May-16,Guanacaste,10.935017,-85.794883,CUAJINIQUIL,C_MATAPALITO,1,2,100,Chordata,Pomacentridae,Stegastes acapulcoensis,15,3
21-May-16,Guanacaste,10.935017,-85.794883,CUAJINIQUIL,C_MATAPALITO,1,2,100,Chordata,Pomacentridae,Stegastes acapulcoensis,20,1
21-May-16,Guanacaste,10.935017,-85.794883,CUAJINIQUIL,C_MATAPALITO,1,2,100,Chordata,Balistidae,Sufflamen verres,5,2
21-May-16,Guanacaste,10.935017,-85.794883,CUAJINIQUIL,C_MATAPALITO,1,2,100,Chordata,Balistidae,Sufflamen verres,15,3
21-May-16,Guanacaste,10.935017,-85.794883,CUAJINIQUIL,C_MATAPALITO,1,2,100,Chordata,Balistidae,Sufflamen verres,30,1
21-May-16,Guanacaste,10.935017,-85.794883,CUAJINIQUIL,C_MATAPALITO,1,2,100,Chordata,Labridae,Thalassoma lucasanum,10,85
21-May-16,Guanacaste,10.935017,-85.794883,CUAJINIQUIL,C_MATAPALITO,1,2,100,Chordata,Labridae,Thalassoma lucasanum,15,2
21-May-16,Guanacaste,10.935017,-85.794883,CUAJINIQUIL,C_MATAPALITO,1,2,100,Chordata,Labridae,Thalassoma lucasanum,20,5
21-May-16,Guanacaste,10.935017,-85.794883,CUAJINIQUIL,C_MATAPALITO,2,2,100,Chordata,Tetraodontidae,Arothron hispidus,35,1
21-May-16,Guanacaste,10.935017,-85.794883,CUAJINIQUIL,C_MATAPALITO,2,2,100,Chordata,Tetraodontidae,Arothron meleagris,20,1
21-May-16,Guanacaste,10.935017,-85.794883,CUAJINIQUIL,C_MATAPALITO,2,2,100,Chordata,Tetraodontidae,Arothron meleagris,35,1
21-May-16,Guanacaste,10.935017,-85.794883,CUAJINIQUIL,C_MATAPALITO,2,2,100,Chordata,Labridae,Bodianus diplotaenia,10,1
21-May-16,Guanacaste,10.935017,-85.794883,CUAJINIQUIL,C_MATAPALITO,2,2,100,Chordata,Tetraodontidae,Canthigaster punctatissima,5,1
21-May-16,Guanacaste,10.935017,-85.794883,CUAJINIQUIL,C_MATAPALITO,2,2,100,Chordata,Tetraodontidae,Canthigaster punctatissima,10,1
21-May-16,Guanacaste,10.935017,-85.794883,CUAJINIQUIL,C_MATAPALITO,2,2,100,Chordata,Chaetodontidae,Chaetodon humeralis,5,5
21-May-16,Guanacaste,10.935017,-85.794883,CUAJINIQUIL,C_MATAPALITO,2,2,100,Chordata,Pomacentridae,Chromis atrilobata,15,15
21-May-16,Guanacaste,10.935017,-85.794883,CUAJINIQUIL,C_MATAPALITO,2,2,100,Chordata,Cirrhitidae,Cirrhitichthys oxycephalus,10,1
21-May-16,Guanacaste,10.935017,-85.794883,CUAJINIQUIL,C_MATAPALITO,2,2,100,Chordata,Cirrhitidae,Cirrhitus rivulatus,15,1
21-May-16,Guanacaste,10.935017,-85.794883,CUAJINIQUIL,C_MATAPALITO,2,2,100,Chordata,Diodontidae,Diodon holocanthus,10,1
21-May-16,Guanacaste,10.935017,-85.794883,CUAJINIQUIL,C_MATAPALITO,2,2,100,Chordata,Diodontidae,Diodon holocanthus,15,3
21-May-16,Guanacaste,10.935017,-85.794883,CUAJINIQUIL,C_MATAPALITO,2,2,100,Chordata,Diodontidae,Diodon holocanthus,20,8
21-May-16,Guanacaste,10.935017,-85.794883,CUAJINIQUIL,C_MATAPALITO,2,2,100,Chordata,Fistulariidae,Fistularia commersonii,50,1
21-May-16,Guanacaste,10.935017,-85.794883,CUAJINIQUIL,C_MATAPALITO,2,2,100,Chordata,Muraenidae,Gymnothorax dovii,100,2
21-May-16,Guanacaste,10.935017,-85.794883,CUAJINIQUIL,C_MATAPALITO,2,2,100,Chordata,Ophichthidae,Myrichthys tigrinus,30,1
21-May-16,Guanacaste,10.935017,-85.794883,CUAJINIQUIL,C_MATAPALITO,2,2,100,Chordata,Blenniidae,Ophioblennius steindachneri,10,2
21-May-16,Guanacaste,10.935017,-85.794883,CUAJINIQUIL,C_MATAPALITO,2,2,100,Chordata,Blenniidae,Ophioblennius steindachneri,15,2
21-May-16,Guanacaste,10.935017,-85.794883,CUAJINIQUIL,C_MATAPALITO,2,2,100,Chordata,Pomacentridae,Stegastes acapulcoensis,5,1
21-May-16,Guanacaste,10.935017,-85.794883,CUAJINIQUIL,C_MATAPALITO,2,2,100,Chordata,Pomacentridae,Stegastes acapulcoensis,15,5
21-May-16,Guanacaste,10.935017,-85.794883,CUAJINIQUIL,C_MATAPALITO,2,2,100,Chordata,Balistidae,Sufflamen verres,15,1
21-May-16,Guanacaste,10.935017,-85.794883,CUAJINIQUIL,C_MATAPALITO,2,2,100,Chordata,Labridae,Thalassoma lucasanum,5,10
21-May-16,Guanacaste,10.935017,-85.794883,CUAJINIQUIL,C_MATAPALITO,2,2,100,Chordata,Labridae,Thalassoma lucasanum,10,20
21-May-16,Guanacaste,10.935017,-85.794883,CUAJINIQUIL,C_MATAPALITO,2,2,100,Chordata,Labridae,Thalassoma lucasanum,15,44
21-May-16,Guanacaste,10.935017,-85.794883,CUAJINIQUIL,C_MATAPALITO,2,2,100,Chordata,Labridae,Thalassoma lucasanum,20,3
21-May-16,Guanacaste,10.937683,-85.801716,CUAJINIQUIL,C_PITAYA,1,2,100,Chordata,Pomacentridae,Abudefduf concolor,20,5
21-May-16,Guanacaste,10.937683,-85.801716,CUAJINIQUIL,C_PITAYA,1,2,100,Chordata,Pomacentridae,Abudefduf troschelii,20,5
21-May-16,Guanacaste,10.937683,-85.801716,CUAJINIQUIL,C_PITAYA,1,2,100,Chordata,Labridae,Bodianus diplotaenia,30,1
21-May-16,Guanacaste,10.937683,-85.801716,CUAJINIQUIL,C_PITAYA,1,2,100,Chordata,Pomacentridae,Chromis atrilobata,10,1
21-May-16,Guanacaste,10.937683,-85.801716,CUAJINIQUIL,C_PITAYA,1,2,100,Chordata,Cirrhitidae,Cirrhitus rivulatus,15,1
21-May-16,Guanacaste,10.937683,-85.801716,CUAJINIQUIL,C_PITAYA,1,2,100,Chordata,Cirrhitidae,Cirrhitus rivulatus,20,3
21-May-16,Guanacaste,10.937683,-85.801716,CUAJINIQUIL,C_PITAYA,1,2,100,Chordata,Diodontidae,Diodon holocanthus,15,1
21-May-16,Guanacaste,10.937683,-85.801716,CUAJINIQUIL,C_PITAYA,1,2,100,Chordata,Fistulariidae,Fistularia commersonii,30,1
21-May-16,Guanacaste,10.937683,-85.801716,CUAJINIQUIL,C_PITAYA,1,2,100,Chordata,Muraenidae,Gymnothorax dovii,100,1
21-May-16,Guanacaste,10.937683,-85.801716,CUAJINIQUIL,C_PITAYA,1,2,100,Chordata,Labridae,Halichoeres chierchiae,20,1
21-May-16,Guanacaste,10.937683,-85.801716,CUAJINIQUIL,C_PITAYA,1,2,100,Chordata,Chaetodontidae,Johnrandallia nigrirostris,10,1
21-May-16,Guanacaste,10.937683,-85.801716,CUAJINIQUIL,C_PITAYA,1,2,100,Chordata,Chaetodontidae,Johnrandallia nigrirostris,15,2
21-May-16,Guanacaste,10.937683,-85.801716,CUAJINIQUIL,C_PITAYA,1,2,100,Chordata,Pomacentridae,Microspathodon dorsalis,15,3
21-May-16,Guanacaste,10.937683,-85.801716,CUAJINIQUIL,C_PITAYA,1,2,100,Chordata,Pomacentridae,Microspathodon dorsalis,20,1
21-May-16,Guanacaste,10.937683,-85.801716,CUAJINIQUIL,C_PITAYA,1,2,100,Chordata,Pomacentridae,Microspathodon dorsalis,25,9
21-May-16,Guanacaste,10.937683,-85.801716,CUAJINIQUIL,C_PITAYA,1,2,100,Chordata,Pomacentridae,Microspathodon dorsalis,30,3
21-May-16,Guanacaste,10.937683,-85.801716,CUAJINIQUIL,C_PITAYA,1,2,100,Chordata,Ophichthidae,Myrichthys tigrinus,30,2
21-May-16,Guanacaste,10.937683,-85.801716,CUAJINIQUIL,C_PITAYA,1,2,100,Chordata,Blenniidae,Ophioblennius steindachneri,10,4
21-May-16,Guanacaste,10.937683,-85.801716,CUAJINIQUIL,C_PITAYA,1,2,100,Chordata,Blenniidae,Ophioblennius steindachneri,15,2
21-May-16,Guanacaste,10.937683,-85.801716,CUAJINIQUIL,C_PITAYA,1,2,100,Chordata,Blenniidae,Ophioblennius steindachneri,20,1
21-May-16,Guanacaste,10.937683,-85.801716,CUAJINIQUIL,C_PITAYA,1,2,100,Chordata,Serranidae,Serranus psittacinus,15,2
21-May-16,Guanacaste,10.937683,-85.801716,CUAJINIQUIL,C_PITAYA,1,2,100,Chordata,Pomacentridae,Stegastes acapulcoensis,5,5
21-May-16,Guanacaste,10.937683,-85.801716,CUAJINIQUIL,C_PITAYA,1,2,100,Chordata,Pomacentridae,Stegastes acapulcoensis,10,1
21-May-16,Guanacaste,10.937683,-85.801716,CUAJINIQUIL,C_PITAYA,1,2,100,Chordata,Pomacentridae,Stegastes acapulcoensis,15,6
21-May-16,Guanacaste,10.937683,-85.801716,CUAJINIQUIL,C_PITAYA,1,2,100,Chordata,Pomacentridae,Stegastes acapulcoensis,20,13
21-May-16,Guanacaste,10.937683,-85.801716,CUAJINIQUIL,C_PITAYA,1,2,100,Chordata,Pomacentridae,Stegastes flavilatus,10,2
21-May-16,Guanacaste,10.937683,-85.801716,CUAJINIQUIL,C_PITAYA,1,2,100,Chordata,Labridae,Thalassoma lucasanum,5,30
21-May-16,Guanacaste,10.937683,-85.801716,CUAJINIQUIL,C_PITAYA,2,2,100,Chordata,Pomacentridae,Abudefduf concolor,15,3
21-May-16,Guanacaste,10.937683,-85.801716,CUAJINIQUIL,C_PITAYA,2,2,100,Chordata,Carangidae,Caranx caballus,30,10
21-May-16,Guanacaste,10.937683,-85.801716,CUAJINIQUIL,C_PITAYA,2,2,100,Chordata,Pomacentridae,Chromis atrilobata,10,15
21-May-16,Guanacaste,10.937683,-85.801716,CUAJINIQUIL,C_PITAYA,2,2,100,Chordata,Cirrhitidae,Cirrhitus rivulatus,20,1
21-May-16,Guanacaste,10.937683,-85.801716,CUAJINIQUIL,C_PITAYA,2,2,100,Chordata,Labridae,Halichoeres chierchiae,20,1
21-May-16,Guanacaste,10.937683,-85.801716,CUAJINIQUIL,C_PITAYA,2,2,100,Chordata,Chaetodontidae,Johnrandallia nigrirostris,15,4
21-May-16,Guanacaste,10.937683,-85.801716,CUAJINIQUIL,C_PITAYA,2,2,100,Chordata,Chaetodontidae,Johnrandallia nigrirostris,20,1
21-May-16,Guanacaste,10.937683,-85.801716,CUAJINIQUIL,C_PITAYA,2,2,100,Chordata,Pomacentridae,Microspathodon dorsalis,20,1
21-May-16,Guanacaste,10.937683,-85.801716,CUAJINIQUIL,C_PITAYA,2,2,100,Chordata,Pomacentridae,Microspathodon dorsalis,30,7
21-May-16,Guanacaste,10.937683,-85.801716,CUAJINIQUIL,C_PITAYA,2,2,100,Chordata,Blenniidae,Ophioblennius steindachneri,15,3
21-May-16,Guanacaste,10.937683,-85.801716,CUAJINIQUIL,C_PITAYA,2,2,100,Chordata,Blenniidae,Ophioblennius steindachneri,20,1
21-May-16,Guanacaste,10.937683,-85.801716,CUAJINIQUIL,C_PITAYA,2,2,100,Chordata,Pomacentridae,Stegastes acapulcoensis,5,3
21-May-16,Guanacaste,10.937683,-85.801716,CUAJINIQUIL,C_PITAYA,2,2,100,Chordata,Pomacentridae,Stegastes acapulcoensis,10,1
21-May-16,Guanacaste,10.937683,-85.801716,CUAJINIQUIL,C_PITAYA,2,2,100,Chordata,Pomacentridae,Stegastes acapulcoensis,15,10
21-May-16,Guanacaste,10.937683,-85.801716,CUAJINIQUIL,C_PITAYA,2,2,100,Chordata,Pomacentridae,Stegastes acapulcoensis,20,35
21-May-16,Guanacaste,10.937683,-85.801716,CUAJINIQUIL,C_PITAYA,2,2,100,Chordata,Labridae,Thalassoma lucasanum,5,15
21-May-16,Guanacaste,10.937683,-85.801716,CUAJINIQUIL,C_PITAYA,2,2,100,Chordata,Labridae,Thalassoma lucasanum,10,30
21-May-16,Guanacaste,10.937683,-85.801716,CUAJINIQUIL,C_PITAYA,2,2,100,Chordata,Labridae,Thalassoma lucasanum,15,30
21-May-16,Guanacaste,10.93155,-85.799916,CUAJINIQUIL,C_PTA_POCHOTE,1,3,100,Chordata,Pomacentridae,Abudefduf concolor,20,3
21-May-16,Guanacaste,10.93155,-85.799916,CUAJINIQUIL,C_PTA_POCHOTE,1,3,100,Chordata,Pomacentridae,Abudefduf concolor,25,2
21-May-16,Guanacaste,10.93155,-85.799916,CUAJINIQUIL,C_PTA_POCHOTE,1,3,100,Chordata,Acanthuridae,Acanthurus triostegus,15,3
21-May-16,Guanacaste,10.93155,-85.799916,CUAJINIQUIL,C_PTA_POCHOTE,1,3,100,Chordata,Acanthuridae,Acanthurus triostegus,20,5
21-May-16,Guanacaste,10.93155,-85.799916,CUAJINIQUIL,C_PTA_POCHOTE,1,3,100,Chordata,Tetraodontidae,Arothron meleagris,35,1
21-May-16,Guanacaste,10.93155,-85.799916,CUAJINIQUIL,C_PTA_POCHOTE,1,3,100,Chordata,Tetraodontidae,Canthigaster punctatissima,10,5
21-May-16,Guanacaste,10.93155,-85.799916,CUAJINIQUIL,C_PTA_POCHOTE,1,3,100,Chordata,Tetraodontidae,Canthigaster punctatissima,15,3
21-May-16,Guanacaste,10.93155,-85.799916,CUAJINIQUIL,C_PTA_POCHOTE,1,3,100,Chordata,Cirrhitidae,Cirrhitus rivulatus,15,1
21-May-16,Guanacaste,10.93155,-85.799916,CUAJINIQUIL,C_PTA_POCHOTE,1,3,100,Chordata,Cirrhitidae,Cirrhitus rivulatus,20,2
21-May-16,Guanacaste,10.93155,-85.799916,CUAJINIQUIL,C_PTA_POCHOTE,1,3,100,Chordata,Diodontidae,Diodon holocanthus,20,1
21-May-16,Guanacaste,10.93155,-85.799916,CUAJINIQUIL,C_PTA_POCHOTE,1,3,100,Chordata,Ophichthidae,Myrichthys tigrinus,30,1
21-May-16,Guanacaste,10.93155,-85.799916,CUAJINIQUIL,C_PTA_POCHOTE,1,3,100,Chordata,Blenniidae,Ophioblennius steindachneri,15,13
21-May-16,Guanacaste,10.93155,-85.799916,CUAJINIQUIL,C_PTA_POCHOTE,1,3,100,Chordata,Blenniidae,Ophioblennius steindachneri,20,3
21-May-16,Guanacaste,10.93155,-85.799916,CUAJINIQUIL,C_PTA_POCHOTE,1,3,100,Chordata,Acanthuridae,Prionurus laticlavius,15,5
21-May-16,Guanacaste,10.93155,-85.799916,CUAJINIQUIL,C_PTA_POCHOTE,1,3,100,Chordata,Acanthuridae,Prionurus laticlavius,15,9
21-May-16,Guanacaste,10.93155,-85.799916,CUAJINIQUIL,C_PTA_POCHOTE,1,3,100,Chordata,Scaridae,Scarus ghobban,15,40
21-May-16,Guanacaste,10.93155,-85.799916,CUAJINIQUIL,C_PTA_POCHOTE,1,3,100,Chordata,Scaridae,Scarus ghobban,20,12
21-May-16,Guanacaste,10.93155,-85.799916,CUAJINIQUIL,C_PTA_POCHOTE,1,3,100,Chordata,Scaridae,Scarus ghobban,25,4
21-May-16,Guanacaste,10.93155,-85.799916,CUAJINIQUIL,C_PTA_POCHOTE,1,3,100,Chordata,Serranidae,Serranus psittacinus,15,3
21-May-16,Guanacaste,10.93155,-85.799916,CUAJINIQUIL,C_PTA_POCHOTE,1,3,100,Chordata,Serranidae,Serranus psittacinus,20,4
21-May-16,Guanacaste,10.93155,-85.799916,CUAJINIQUIL,C_PTA_POCHOTE,1,3,100,Chordata,Pomacentridae,Stegastes acapulcoensis,15,3
21-May-16,Guanacaste,10.93155,-85.799916,CUAJINIQUIL,C_PTA_POCHOTE,1,3,100,Chordata,Balistidae,Sufflamen verres,10,1
21-May-16,Guanacaste,10.93155,-85.799916,CUAJINIQUIL,C_PTA_POCHOTE,1,3,100,Chordata,Balistidae,Sufflamen verres,15,1
21-May-16,Guanacaste,10.93155,-85.799916,CUAJINIQUIL,C_PTA_POCHOTE,1,3,100,Chordata,Labridae,Thalassoma lucasanum,10,2
21-May-16,Guanacaste,10.93155,-85.799916,CUAJINIQUIL,C_PTA_POCHOTE,1,3,100,Chordata,Labridae,Thalassoma lucasanum,15,17
21-May-16,Guanacaste,10.93155,-85.799916,CUAJINIQUIL,C_PTA_POCHOTE,1,3,100,Chordata,Labridae,Thalassoma lucasanum,20,1
21-May-16,Guanacaste,10.93155,-85.799916,CUAJINIQUIL,C_PTA_POCHOTE,2,3,100,Chordata,Pomacentridae,Abudefduf troschelii,5,2
21-May-16,Guanacaste,10.93155,-85.799916,CUAJINIQUIL,C_PTA_POCHOTE,2,3,100,Chordata,Pomacentridae,Abudefduf troschelii,10,50
21-May-16,Guanacaste,10.93155,-85.799916,CUAJINIQUIL,C_PTA_POCHOTE,2,3,100,Chordata,Tetraodontidae,Canthigaster punctatissima,10,4
21-May-16,Guanacaste,10.93155,-85.799916,CUAJINIQUIL,C_PTA_POCHOTE,2,3,100,Chordata,Pomacentridae,Chromis atrilobata,10,20
21-May-16,Guanacaste,10.93155,-85.799916,CUAJINIQUIL,C_PTA_POCHOTE,2,3,100,Chordata,Cirrhitidae,Cirrhitus rivulatus,15,2
21-May-16,Guanacaste,10.93155,-85.799916,CUAJINIQUIL,C_PTA_POCHOTE,2,3,100,Chordata,Cirrhitidae,Cirrhitus rivulatus,20,3
21-May-16,Guanacaste,10.93155,-85.799916,CUAJINIQUIL,C_PTA_POCHOTE,2,3,100,Chordata,Diodontidae,Diodon holocanthus,20,1
21-May-16,Guanacaste,10.93155,-85.799916,CUAJINIQUIL,C_PTA_POCHOTE,2,3,100,Chordata,Fistulariidae,Fistularia commersonii,50,5
21-May-16,Guanacaste,10.93155,-85.799916,CUAJINIQUIL,C_PTA_POCHOTE,2,3,100,Chordata,Chaetodontidae,Johnrandallia nigrirostris,10,1
21-May-16,Guanacaste,10.93155,-85.799916,CUAJINIQUIL,C_PTA_POCHOTE,2,3,100,Chordata,Chaetodontidae,Johnrandallia nigrirostris,20,15
21-May-16,Guanacaste,10.93155,-85.799916,CUAJINIQUIL,C_PTA_POCHOTE,2,3,100,Chordata,Chaetodontidae,Johnrandallia nigrirostris,25,1
21-May-16,Guanacaste,10.93155,-85.799916,CUAJINIQUIL,C_PTA_POCHOTE,2,3,100,Chordata,Pomacentridae,Microspathodon dorsalis,25,1
21-May-16,Guanacaste,10.93155,-85.799916,CUAJINIQUIL,C_PTA_POCHOTE,2,3,100,Chordata,Ophichthidae,Myrichthys tigrinus,30,1
21-May-16,Guanacaste,10.93155,-85.799916,CUAJINIQUIL,C_PTA_POCHOTE,2,3,100,Chordata,Blenniidae,Ophioblennius steindachneri,10,1
21-May-16,Guanacaste,10.93155,-85.799916,CUAJINIQUIL,C_PTA_POCHOTE,2,3,100,Chordata,Blenniidae,Ophioblennius steindachneri,15,2
21-May-16,Guanacaste,10.93155,-85.799916,CUAJINIQUIL,C_PTA_POCHOTE,2,3,100,Chordata,Blenniidae,Ophioblennius steindachneri,20,8
21-May-16,Guanacaste,10.93155,-85.799916,CUAJINIQUIL,C_PTA_POCHOTE,2,3,100,Chordata,Blenniidae,Ophioblennius steindachneri,25,3
21-May-16,Guanacaste,10.93155,-85.799916,CUAJINIQUIL,C_PTA_POCHOTE,2,3,100,Chordata,Scaridae,Scarus ghobban,15,2
21-May-16,Guanacaste,10.93155,-85.799916,CUAJINIQUIL,C_PTA_POCHOTE,2,3,100,Chordata,Scaridae,Scarus ghobban,20,1
21-May-16,Guanacaste,10.93155,-85.799916,CUAJINIQUIL,C_PTA_POCHOTE,2,3,100,Chordata,Serranidae,Serranus psittacinus,10,2
21-May-16,Guanacaste,10.93155,-85.799916,CUAJINIQUIL,C_PTA_POCHOTE,2,3,100,Chordata,Serranidae,Serranus psittacinus,15,3
21-May-16,Guanacaste,10.93155,-85.799916,CUAJINIQUIL,C_PTA_POCHOTE,2,3,100,Chordata,Serranidae,Serranus psittacinus,25,1
21-May-16,Guanacaste,10.93155,-85.799916,CUAJINIQUIL,C_PTA_POCHOTE,2,3,100,Chordata,Pomacentridae,Stegastes acapulcoensis,5,2
21-May-16,Guanacaste,10.93155,-85.799916,CUAJINIQUIL,C_PTA_POCHOTE,2,3,100,Chordata,Pomacentridae,Stegastes acapulcoensis,10,2
21-May-16,Guanacaste,10.93155,-85.799916,CUAJINIQUIL,C_PTA_POCHOTE,2,3,100,Chordata,Pomacentridae,Stegastes acapulcoensis,15,34
21-May-16,Guanacaste,10.93155,-85.799916,CUAJINIQUIL,C_PTA_POCHOTE,2,3,100,Chordata,Pomacentridae,Stegastes acapulcoensis,20,56
21-May-16,Guanacaste,10.93155,-85.799916,CUAJINIQUIL,C_PTA_POCHOTE,2,3,100,Chordata,Balistidae,Sufflamen verres,15,2
21-May-16,Guanacaste,10.93155,-85.799916,CUAJINIQUIL,C_PTA_POCHOTE,2,3,100,Chordata,Labridae,Thalassoma lucasanum,5,35
21-May-16,Guanacaste,10.93155,-85.799916,CUAJINIQUIL,C_PTA_POCHOTE,2,3,100,Chordata,Labridae,Thalassoma lucasanum,10,91
21-May-16,Guanacaste,10.93155,-85.799916,CUAJINIQUIL,C_PTA_POCHOTE,2,3,100,Chordata,Labridae,Thalassoma lucasanum,15,30
21-May-16,Guanacaste,10.93155,-85.799916,CUAJINIQUIL,C_PTA_POCHOTE,2,3,100,Chordata,Labridae,Thalassoma lucasanum,20,11
22-May-16,Guanacaste,10.938896,-85.732617,CUAJINIQUIL,SR_HACHAL,1,3,100,Chordata,Tetraodontidae,Arothron hispidus,35,1
22-May-16,Guanacaste,10.938896,-85.732617,CUAJINIQUIL,SR_HACHAL,1,3,100,Chordata,Tetraodontidae,Canthigaster punctatissima,10,9
22-May-16,Guanacaste,10.938896,-85.732617,CUAJINIQUIL,SR_HACHAL,1,3,100,Chordata,Tetraodontidae,Canthigaster punctatissima,15,13
22-May-16,Guanacaste,10.938896,-85.732617,CUAJINIQUIL,SR_HACHAL,1,3,100,Chordata,Chaetodontidae,Chaetodon humeralis,10,2
22-May-16,Guanacaste,10.938896,-85.732617,CUAJINIQUIL,SR_HACHAL,1,3,100,Chordata,Cirrhitidae,Cirrhitichthys oxycephalus,10,2
22-May-16,Guanacaste,10.938896,-85.732617,CUAJINIQUIL,SR_HACHAL,1,3,100,Chordata,Cirrhitidae,Cirrhitichthys oxycephalus,15,2
22-May-16,Guanacaste,10.938896,-85.732617,CUAJINIQUIL,SR_HACHAL,1,3,100,Chordata,Cirrhitidae,Cirrhitus rivulatus,10,2
22-May-16,Guanacaste,10.938896,-85.732617,CUAJINIQUIL,SR_HACHAL,1,3,100,Chordata,Cirrhitidae,Cirrhitus rivulatus,15,2
22-May-16,Guanacaste,10.938896,-85.732617,CUAJINIQUIL,SR_HACHAL,1,3,100,Chordata,Diodontidae,Diodon holocanthus,15,6
22-May-16,Guanacaste,10.938896,-85.732617,CUAJINIQUIL,SR_HACHAL,1,3,100,Chordata,Diodontidae,Diodon holocanthus,20,5
22-May-16,Guanacaste,10.938896,-85.732617,CUAJINIQUIL,SR_HACHAL,1,3,100,Chordata,Fistulariidae,Fistularia commersonii,30,4
22-May-16,Guanacaste,10.938896,-85.732617,CUAJINIQUIL,SR_HACHAL,1,3,100,Chordata,Fistulariidae,Fistularia commersonii,45,5
22-May-16,Guanacaste,10.938896,-85.732617,CUAJINIQUIL,SR_HACHAL,1,3,100,Chordata,Pomacanthidae,Holacanthus passer,10,2
22-May-16,Guanacaste,10.938896,-85.732617,CUAJINIQUIL,SR_HACHAL,1,3,100,Chordata,Chaetodontidae,Johnrandallia nigrirostris,15,1
22-May-16,Guanacaste,10.938896,-85.732617,CUAJINIQUIL,SR_HACHAL,1,3,100,Chordata,Blenniidae,Ophioblennius steindachneri,10,8
22-May-16,Guanacaste,10.938896,-85.732617,CUAJINIQUIL,SR_HACHAL,1,3,100,Chordata,Blenniidae,Ophioblennius steindachneri,15,5
22-May-16,Guanacaste,10.938896,-85.732617,CUAJINIQUIL,SR_HACHAL,1,3,100,Chordata,Scaridae,Scarus ghobban,10,15
22-May-16,Guanacaste,10.938896,-85.732617,CUAJINIQUIL,SR_HACHAL,1,3,100,Chordata,Scaridae,Scarus ghobban,15,35
22-May-16,Guanacaste,10.938896,-85.732617,CUAJINIQUIL,SR_HACHAL,1,3,100,Chordata,Scaridae,Scarus ghobban,20,9
22-May-16,Guanacaste,10.938896,-85.732617,CUAJINIQUIL,SR_HACHAL,1,3,100,Chordata,Serranidae,Serranus psittacinus,10,6
22-May-16,Guanacaste,10.938896,-85.732617,CUAJINIQUIL,SR_HACHAL,1,3,100,Chordata,Serranidae,Serranus psittacinus,15,8
22-May-16,Guanacaste,10.938896,-85.732617,CUAJINIQUIL,SR_HACHAL,1,3,100,Chordata,Serranidae,Serranus psittacinus,20,2
22-May-16,Guanacaste,10.938896,-85.732617,CUAJINIQUIL,SR_HACHAL,1,3,100,Chordata,Pomacentridae,Stegastes acapulcoensis,10,1
22-May-16,Guanacaste,10.938896,-85.732617,CUAJINIQUIL,SR_HACHAL,1,3,100,Chordata,Pomacentridae,Stegastes acapulcoensis,15,8
22-May-16,Guanacaste,10.938896,-85.732617,CUAJINIQUIL,SR_HACHAL,1,3,100,Chordata,Pomacentridae,Stegastes acapulcoensis,20,1
22-May-16,Guanacaste,10.938896,-85.732617,CUAJINIQUIL,SR_HACHAL,1,3,100,Chordata,Balistidae,Sufflamen verres,10,2
22-May-16,Guanacaste,10.938896,-85.732617,CUAJINIQUIL,SR_HACHAL,1,3,100,Chordata,Balistidae,Sufflamen verres,15,1
22-May-16,Guanacaste,10.938896,-85.732617,CUAJINIQUIL,SR_HACHAL,1,3,100,Chordata,Labridae,Thalassoma lucasanum,5,6
22-May-16,Guanacaste,10.938896,-85.732617,CUAJINIQUIL,SR_HACHAL,1,3,100,Chordata,Labridae,Thalassoma lucasanum,10,64
22-May-16,Guanacaste,10.938896,-85.732617,CUAJINIQUIL,SR_HACHAL,1,3,100,Chordata,Labridae,Thalassoma lucasanum,15,25
21-May-16,Guanacaste,10.935017,-85.794883,CUAJINIQUIL,C_MATAPALITO,1,2,100,Chordata,Pomacentridae,Abudefduf concolor,10,6
21-May-16,Guanacaste,10.935017,-85.794883,CUAJINIQUIL,C_MATAPALITO,1,2,100,Chordata,Pomacentridae,Abudefduf concolor,15,7
21-May-16,Guanacaste,10.935017,-85.794883,CUAJINIQUIL,C_MATAPALITO,1,2,100,Chordata,Pomacentridae,Abudefduf troschelii,5,5
21-May-16,Guanacaste,10.935017,-85.794883,CUAJINIQUIL,C_MATAPALITO,1,2,100,Chordata,Pomacentridae,Abudefduf troschelii,10,7
21-May-16,Guanacaste,10.935017,-85.794883,CUAJINIQUIL,C_MATAPALITO,1,2,100,Chordata,Balistidae,Balistes polylepis,25,3
21-May-16,Guanacaste,10.935017,-85.794883,CUAJINIQUIL,C_MATAPALITO,1,2,100,Chordata,Tetraodontidae,Canthigaster punctatissima,5,6
21-May-16,Guanacaste,10.935017,-85.794883,CUAJINIQUIL,C_MATAPALITO,1,2,100,Chordata,Tetraodontidae,Canthigaster punctatissima,10,5
21-May-16,Guanacaste,10.935017,-85.794883,CUAJINIQUIL,C_MATAPALITO,1,2,100,Chordata,Chaetodontidae,Chaetodon humeralis,5,5
21-May-16,Guanacaste,10.935017,-85.794883,CUAJINIQUIL,C_MATAPALITO,1,2,100,Chordata,Chaetodontidae,Chaetodon humeralis,10,3
21-May-16,Guanacaste,10.935017,-85.794883,CUAJINIQUIL,C_MATAPALITO,1,2,100,Chordata,Diodontidae,Diodon holocanthus,20,3
21-May-16,Guanacaste,10.935017,-85.794883,CUAJINIQUIL,C_MATAPALITO,1,2,100,Chordata,Diodontidae,Diodon holocanthus,15,4
21-May-16,Guanacaste,10.935017,-85.794883,CUAJINIQUIL,C_MATAPALITO,1,2,100,Chordata,Serranidae,Epinephelus labriformis,10,6
21-May-16,Guanacaste,10.935017,-85.794883,CUAJINIQUIL,C_MATAPALITO,1,2,100,Chordata,Serranidae,Epinephelus labriformis,15,4
21-May-16,Guanacaste,10.935017,-85.794883,CUAJINIQUIL,C_MATAPALITO,1,2,100,Chordata,Haemulidae,Haemulon steindachneri,15,8
21-May-16,Guanacaste,10.935017,-85.794883,CUAJINIQUIL,C_MATAPALITO,1,2,100,Chordata,Blenniidae,Ophioblennius steindachneri,10,7
21-May-16,Guanacaste,10.935017,-85.794883,CUAJINIQUIL,C_MATAPALITO,1,2,100,Chordata,Blenniidae,Ophioblennius steindachneri,15,12
21-May-16,Guanacaste,10.935017,-85.794883,CUAJINIQUIL,C_MATAPALITO,1,2,100,Chordata,Scaridae,Scarus ghobban,15,25
21-May-16,Guanacaste,10.935017,-85.794883,CUAJINIQUIL,C_MATAPALITO,1,2,100,Chordata,Scaridae,Scarus ghobban,20,15
21-May-16,Guanacaste,10.935017,-85.794883,CUAJINIQUIL,C_MATAPALITO,1,2,100,Chordata,Serranidae,Serranus psittacinus,15,8
21-May-16,Guanacaste,10.935017,-85.794883,CUAJINIQUIL,C_MATAPALITO,1,2,100,Chordata,Serranidae,Serranus psittacinus,10,10
21-May-16,Guanacaste,10.935017,-85.794883,CUAJINIQUIL,C_MATAPALITO,1,2,100,Chordata,Serranidae,Serranus psittacinus,5,6
21-May-16,Guanacaste,10.935017,-85.794883,CUAJINIQUIL,C_MATAPALITO,1,2,100,Chordata,Labridae,Thalassoma lucasanum,15,25
21-May-16,Guanacaste,10.935017,-85.794883,CUAJINIQUIL,C_MATAPALITO,1,2,100,Chordata,Labridae,Thalassoma lucasanum,10,10
21-May-16,Guanacaste,10.935017,-85.794883,CUAJINIQUIL,C_MATAPALITO,1,2,100,Chordata,Labridae,Thalassoma lucasanum,20,8
21-May-16,Guanacaste,10.935017,-85.794883,CUAJINIQUIL,C_MATAPALITO,2,2,100,Chordata,Balistidae,Balistes polylepis,15,4
21-May-16,Guanacaste,10.935017,-85.794883,CUAJINIQUIL,C_MATAPALITO,2,2,100,Chordata,Balistidae,Balistes polylepis,20,2
21-May-16,Guanacaste,10.935017,-85.794883,CUAJINIQUIL,C_MATAPALITO,2,2,100,Chordata,Tetraodontidae,Canthigaster punctatissima,5,6
21-May-16,Guanacaste,10.935017,-85.794883,CUAJINIQUIL,C_MATAPALITO,2,2,100,Chordata,Pomacentridae,Chromis atrilobata,10,15
21-May-16,Guanacaste,10.935017,-85.794883,CUAJINIQUIL,C_MATAPALITO,2,2,100,Chordata,Pomacentridae,Chromis atrilobata,5,10
21-May-16,Guanacaste,10.935017,-85.794883,CUAJINIQUIL,C_MATAPALITO,2,2,100,Chordata,Diodontidae,Diodon holocanthus,20,4
21-May-16,Guanacaste,10.935017,-85.794883,CUAJINIQUIL,C_MATAPALITO,2,2,100,Chordata,Serranidae,Epinephelus labriformis,15,2
21-May-16,Guanacaste,10.935017,-85.794883,CUAJINIQUIL,C_MATAPALITO,2,2,100,Chordata,Serranidae,Epinephelus labriformis,10,6
21-May-16,Guanacaste,10.935017,-85.794883,CUAJINIQUIL,C_MATAPALITO,2,2,100,Chordata,Muraenidae,Echidna nebulosa,20,1
21-May-16,Guanacaste,10.935017,-85.794883,CUAJINIQUIL,C_MATAPALITO,2,2,100,Chordata,Fistulariidae,Fistularia commersonii,30,1
21-May-16,Guanacaste,10.935017,-85.794883,CUAJINIQUIL,C_MATAPALITO,2,2,100,Chordata,Blenniidae,Ophioblennius steindachneri,5,5
21-May-16,Guanacaste,10.935017,-85.794883,CUAJINIQUIL,C_MATAPALITO,2,2,100,Chordata,Blenniidae,Ophioblennius steindachneri,10,8
21-May-16,Guanacaste,10.935017,-85.794883,CUAJINIQUIL,C_MATAPALITO,2,2,100,Chordata,Blenniidae,Ophioblennius steindachneri,15,14
21-May-16,Guanacaste,10.935017,-85.794883,CUAJINIQUIL,C_MATAPALITO,2,2,100,Chordata,Scaridae,Scarus ghobban,20,25
21-May-16,Guanacaste,10.935017,-85.794883,CUAJINIQUIL,C_MATAPALITO,2,2,100,Chordata,Scaridae,Scarus ghobban,15,20
21-May-16,Guanacaste,10.935017,-85.794883,CUAJINIQUIL,C_MATAPALITO,2,2,100,Chordata,Serranidae,Serranus psittacinus,15,6
21-May-16,Guanacaste,10.935017,-85.794883,CUAJINIQUIL,C_MATAPALITO,2,2,100,Chordata,Serranidae,Serranus psittacinus,10,4
21-May-16,Guanacaste,10.935017,-85.794883,CUAJINIQUIL,C_MATAPALITO,2,2,100,Chordata,Labridae,Thalassoma lucasanum,5,11
21-May-16,Guanacaste,10.935017,-85.794883,CUAJINIQUIL,C_MATAPALITO,2,2,100,Chordata,Labridae,Thalassoma lucasanum,10,20
21-May-16,Guanacaste,10.935017,-85.794883,CUAJINIQUIL,C_MATAPALITO,2,2,100,Chordata,Labridae,Thalassoma lucasanum,15,15
21-May-16,Guanacaste,10.935017,-85.794883,CUAJINIQUIL,C_MATAPALITO,2,2,100,Chordata,Labridae,Thalassoma lucasanum,20,10
21-May-16,Guanacaste,10.937683,-85.801716,CUAJINIQUIL,C_PITAYA,1,2,100,Chordata,Pomacentridae,Abudefduf concolor,10,3
21-May-16,Guanacaste,10.937683,-85.801716,CUAJINIQUIL,C_PITAYA,1,2,100,Chordata,Pomacentridae,Abudefduf concolor,15,7
21-May-16,Guanacaste,10.937683,-85.801716,CUAJINIQUIL,C_PITAYA,1,2,100,Chordata,Pomacentridae,Abudefduf concolor,20,3
21-May-16,Guanacaste,10.937683,-85.801716,CUAJINIQUIL,C_PITAYA,1,2,100,Chordata,Pomacentridae,Abudefduf concolor,25,8
21-May-16,Guanacaste,10.937683,-85.801716,CUAJINIQUIL,C_PITAYA,1,2,100,Chordata,Pomacentridae,Abudefduf troschelii,20,8
21-May-16,Guanacaste,10.937683,-85.801716,CUAJINIQUIL,C_PITAYA,1,2,100,Chordata,Tetraodontidae,Canthigaster punctatissima,10,5
21-May-16,Guanacaste,10.937683,-85.801716,CUAJINIQUIL,C_PITAYA,1,2,100,Chordata,Tetraodontidae,Canthigaster punctatissima,5,10
21-May-16,Guanacaste,10.937683,-85.801716,CUAJINIQUIL,C_PITAYA,1,2,100,Chordata,Carangidae,Caranx caballus,25,10
21-May-16,Guanacaste,10.937683,-85.801716,CUAJINIQUIL,C_PITAYA,1,2,100,Chordata,Carangidae,Caranx caballus,25,25
21-May-16,Guanacaste,10.937683,-85.801716,CUAJINIQUIL,C_PITAYA,1,2,100,Chordata,Carangidae,Caranx caballus,30,30
21-May-16,Guanacaste,10.937683,-85.801716,CUAJINIQUIL,C_PITAYA,1,2,100,Chordata,Diodontidae,Diodon holocanthus,20,1
21-May-16,Guanacaste,10.937683,-85.801716,CUAJINIQUIL,C_PITAYA,1,2,100,Chordata,Serranidae,Epinephelus labriformis,20,6
21-May-16,Guanacaste,10.937683,-85.801716,CUAJINIQUIL,C_PITAYA,1,2,100,Chordata,Fistulariidae,Fistularia commersonii,20,2
21-May-16,Guanacaste,10.937683,-85.801716,CUAJINIQUIL,C_PITAYA,1,2,100,Chordata,Fistulariidae,Fistularia commersonii,30,1
21-May-16,Guanacaste,10.937683,-85.801716,CUAJINIQUIL,C_PITAYA,1,2,100,Chordata,Muraenidae,Gymnothorax panamensis,30,1
21-May-16,Guanacaste,10.937683,-85.801716,CUAJINIQUIL,C_PITAYA,1,2,100,Chordata,Pomacanthidae,Holacanthus passer,25,1
21-May-16,Guanacaste,10.937683,-85.801716,CUAJINIQUIL,C_PITAYA,1,2,100,Chordata,Pomacanthidae,Holacanthus passer,20,3
21-May-16,Guanacaste,10.937683,-85.801716,CUAJINIQUIL,C_PITAYA,1,2,100,Chordata,Pomacanthidae,Holacanthus passer,10,2
21-May-16,Guanacaste,10.937683,-85.801716,CUAJINIQUIL,C_PITAYA,1,2,100,Chordata,Chaetodontidae,Johnrandallia nigrirostris,15,3
21-May-16,Guanacaste,10.937683,-85.801716,CUAJINIQUIL,C_PITAYA,1,2,100,Chordata,Chaetodontidae,Johnrandallia nigrirostris,20,5
21-May-16,Guanacaste,10.937683,-85.801716,CUAJINIQUIL,C_PITAYA,1,2,100,Chordata,Pomacentridae,Microspathodon dorsalis,20,8
21-May-16,Guanacaste,10.937683,-85.801716,CUAJINIQUIL,C_PITAYA,1,2,100,Chordata,Pomacentridae,Microspathodon dorsalis,25,3
21-May-16,Guanacaste,10.937683,-85.801716,CUAJINIQUIL,C_PITAYA,1,2,100,Chordata,Pomacentridae,Microspathodon dorsalis,30,5
21-May-16,Guanacaste,10.937683,-85.801716,CUAJINIQUIL,C_PITAYA,1,2,100,Chordata,Blenniidae,Ophioblennius steindachneri,15,6
21-May-16,Guanacaste,10.937683,-85.801716,CUAJINIQUIL,C_PITAYA,1,2,100,Chordata,Blenniidae,Ophioblennius steindachneri,20,2
21-May-16,Guanacaste,10.937683,-85.801716,CUAJINIQUIL,C_PITAYA,1,2,100,Chordata,Pomacanthidae,Pomacanthus zonipectus,25,1
21-May-16,Guanacaste,10.937683,-85.801716,CUAJINIQUIL,C_PITAYA,1,2,100,Chordata,Pomacanthidae,Pomacanthus zonipectus,20,1
21-May-16,Guanacaste,10.937683,-85.801716,CUAJINIQUIL,C_PITAYA,1,2,100,Chordata,Pomacentridae,Stegastes flavilatus,5,2
21-May-16,Guanacaste,10.937683,-85.801716,CUAJINIQUIL,C_PITAYA,1,2,100,Chordata,Pomacentridae,Stegastes flavilatus,10,6
21-May-16,Guanacaste,10.937683,-85.801716,CUAJINIQUIL,C_PITAYA,1,2,100,Chordata,Pomacentridae,Stegastes flavilatus,15,6
21-May-16,Guanacaste,10.937683,-85.801716,CUAJINIQUIL,C_PITAYA,1,2,100,Chordata,Labridae,Thalassoma lucasanum,15,20
21-May-16,Guanacaste,10.937683,-85.801716,CUAJINIQUIL,C_PITAYA,1,2,100,Chordata,Labridae,Thalassoma lucasanum,10,15
21-May-16,Guanacaste,10.937683,-85.801716,CUAJINIQUIL,C_PITAYA,1,2,100,Chordata,Labridae,Thalassoma lucasanum,25,5
21-May-16,Guanacaste,10.937683,-85.801716,CUAJINIQUIL,C_PITAYA,2,2,100,Chordata,Pomacentridae,Abudefduf concolor,20,7
21-May-16,Guanacaste,10.937683,-85.801716,CUAJINIQUIL,C_PITAYA,2,2,100,Chordata,Pomacentridae,Abudefduf concolor,25,5
21-May-16,Guanacaste,10.937683,-85.801716,CUAJINIQUIL,C_PITAYA,2,2,100,Chordata,Pomacentridae,Abudefduf troschelii,10,5
21-May-16,Guanacaste,10.937683,-85.801716,CUAJINIQUIL,C_PITAYA,2,2,100,Chordata,Pomacentridae,Abudefduf troschelii,15,18
21-May-16,Guanacaste,10.937683,-85.801716,CUAJINIQUIL,C_PITAYA,2,2,100,Chordata,Pomacentridae,Abudefduf troschelii,20,5
21-May-16,Guanacaste,10.937683,-85.801716,CUAJINIQUIL,C_PITAYA,2,2,100,Chordata,Pomacentridae,Abudefduf troschelii,25,2
21-May-16,Guanacaste,10.937683,-85.801716,CUAJINIQUIL,C_PITAYA,2,2,100,Chordata,Pomacentridae,Chromis atrilobata,10,60
21-May-16,Guanacaste,10.937683,-85.801716,CUAJINIQUIL,C_PITAYA,2,2,100,Chordata,Diodontidae,Diodon holocanthus,15,5
21-May-16,Guanacaste,10.937683,-85.801716,CUAJINIQUIL,C_PITAYA,2,2,100,Chordata,Serranidae,Epinephelus labriformis,30,2
21-May-16,Guanacaste,10.937683,-85.801716,CUAJINIQUIL,C_PITAYA,2,2,100,Chordata,Muraenidae,Echidna nebulosa,30,1
21-May-16,Guanacaste,10.937683,-85.801716,CUAJINIQUIL,C_PITAYA,2,2,100,Chordata,Fistulariidae,Fistularia commersonii,30,2
21-May-16,Guanacaste,10.937683,-85.801716,CUAJINIQUIL,C_PITAYA,2,2,100,Chordata,Haemulidae,Haemulon steindachneri,25,10
21-May-16,Guanacaste,10.937683,-85.801716,CUAJINIQUIL,C_PITAYA,2,2,100,Chordata,Chaetodontidae,Johnrandallia nigrirostris,15,2
21-May-16,Guanacaste,10.937683,-85.801716,CUAJINIQUIL,C_PITAYA,2,2,100,Chordata,Chaetodontidae,Johnrandallia nigrirostris,20,1
21-May-16,Guanacaste,10.937683,-85.801716,CUAJINIQUIL,C_PITAYA,2,2,100,Chordata,Pomacentridae,Microspathodon dorsalis,15,5
21-May-16,Guanacaste,10.937683,-85.801716,CUAJINIQUIL,C_PITAYA,2,2,100,Chordata,Pomacentridae,Microspathodon dorsalis,20,5
21-May-16,Guanacaste,10.937683,-85.801716,CUAJINIQUIL,C_PITAYA,2,2,100,Chordata,Pomacentridae,Microspathodon dorsalis,25,2
21-May-16,Guanacaste,10.937683,-85.801716,CUAJINIQUIL,C_PITAYA,2,2,100,Chordata,Blenniidae,Ophioblennius steindachneri,10,3
21-May-16,Guanacaste,10.937683,-85.801716,CUAJINIQUIL,C_PITAYA,2,2,100,Chordata,Blenniidae,Ophioblennius steindachneri,15,5
21-May-16,Guanacaste,10.937683,-85.801716,CUAJINIQUIL,C_PITAYA,2,2,100,Chordata,Blenniidae,Ophioblennius steindachneri,20,2
21-May-16,Guanacaste,10.937683,-85.801716,CUAJINIQUIL,C_PITAYA,2,2,100,Chordata,Scorpaeninae,Scorpaena mystes,25,1
21-May-16,Guanacaste,10.937683,-85.801716,CUAJINIQUIL,C_PITAYA,2,2,100,Chordata,Pomacentridae,Stegastes flavilatus,5,2
21-May-16,Guanacaste,10.937683,-85.801716,CUAJINIQUIL,C_PITAYA,2,2,100,Chordata,Pomacentridae,Stegastes flavilatus,10,5
21-May-16,Guanacaste,10.937683,-85.801716,CUAJINIQUIL,C_PITAYA,2,2,100,Chordata,Pomacentridae,Stegastes flavilatus,15,2
21-May-16,Guanacaste,10.937683,-85.801716,CUAJINIQUIL,C_PITAYA,2,2,100,Chordata,Labridae,Thalassoma lucasanum,10,25
21-May-16,Guanacaste,10.937683,-85.801716,CUAJINIQUIL,C_PITAYA,2,2,100,Chordata,Labridae,Thalassoma lucasanum,15,10
21-May-16,Guanacaste,10.937683,-85.801716,CUAJINIQUIL,C_PITAYA,2,2,100,Chordata,Holocentridae,Sargocentron suborbitalis,15,4
21-May-16,Guanacaste,10.93155,-85.799916,CUAJINIQUIL,C_PTA_POCHOTE,1,2,100,Chordata,Pomacentridae,Abudefduf concolor,15,12
21-May-16,Guanacaste,10.93155,-85.799916,CUAJINIQUIL,C_PTA_POCHOTE,1,2,100,Chordata,Pomacentridae,Abudefduf concolor,20,8
21-May-16,Guanacaste,10.93155,-85.799916,CUAJINIQUIL,C_PTA_POCHOTE,1,2,100,Chordata,Pomacentridae,Abudefduf concolor,5,6
21-May-16,Guanacaste,10.93155,-85.799916,CUAJINIQUIL,C_PTA_POCHOTE,1,2,100,Chordata,Pomacentridae,Abudefduf concolor,10,15
21-May-16,Guanacaste,10.93155,-85.799916,CUAJINIQUIL,C_PTA_POCHOTE,1,2,100,Chordata,Pomacentridae,Abudefduf troschelii,10,25
21-May-16,Guanacaste,10.93155,-85.799916,CUAJINIQUIL,C_PTA_POCHOTE,1,2,100,Chordata,Pomacentridae,Abudefduf troschelii,15,10
21-May-16,Guanacaste,10.93155,-85.799916,CUAJINIQUIL,C_PTA_POCHOTE,1,2,100,Chordata,Tetraodontidae,Canthigaster punctatissima,5,4
21-May-16,Guanacaste,10.93155,-85.799916,CUAJINIQUIL,C_PTA_POCHOTE,1,2,100,Chordata,Tetraodontidae,Canthigaster punctatissima,10,12
21-May-16,Guanacaste,10.93155,-85.799916,CUAJINIQUIL,C_PTA_POCHOTE,1,2,100,Chordata,Pomacentridae,Chromis atrilobata,5,10
21-May-16,Guanacaste,10.93155,-85.799916,CUAJINIQUIL,C_PTA_POCHOTE,1,2,100,Chordata,Pomacentridae,Chromis atrilobata,10,25
21-May-16,Guanacaste,10.93155,-85.799916,CUAJINIQUIL,C_PTA_POCHOTE,1,2,100,Chordata,Muraenidae,Echidna nebulosa,30,1
21-May-16,Guanacaste,10.93155,-85.799916,CUAJINIQUIL,C_PTA_POCHOTE,1,2,100,Chordata,Fistulariidae,Fistularia commersonii,30,2
21-May-16,Guanacaste,10.93155,-85.799916,CUAJINIQUIL,C_PTA_POCHOTE,1,2,100,Chordata,Haemulidae,Haemulon steindachneri,30,15
21-May-16,Guanacaste,10.93155,-85.799916,CUAJINIQUIL,C_PTA_POCHOTE,1,2,100,Chordata,Chaetodontidae,Johnrandallia nigrirostris,15,25
21-May-16,Guanacaste,10.93155,-85.799916,CUAJINIQUIL,C_PTA_POCHOTE,1,2,100,Chordata,Chaetodontidae,Johnrandallia nigrirostris,20,30
21-May-16,Guanacaste,10.93155,-85.799916,CUAJINIQUIL,C_PTA_POCHOTE,1,2,100,Chordata,Lutjanidae,Lutjanus argentiventris,20,6
21-May-16,Guanacaste,10.93155,-85.799916,CUAJINIQUIL,C_PTA_POCHOTE,1,2,100,Chordata,Mullidae,Mulloidichthys dentatus,25,8
21-May-16,Guanacaste,10.93155,-85.799916,CUAJINIQUIL,C_PTA_POCHOTE,1,2,100,Chordata,Blenniidae,Ophioblennius steindachneri,10,3
21-May-16,Guanacaste,10.93155,-85.799916,CUAJINIQUIL,C_PTA_POCHOTE,1,2,100,Chordata,Serranidae,Paranthias colonus,20,12
21-May-16,Guanacaste,10.93155,-85.799916,CUAJINIQUIL,C_PTA_POCHOTE,1,2,100,Chordata,Serranidae,Serranus psittacinus,15,6
21-May-16,Guanacaste,10.93155,-85.799916,CUAJINIQUIL,C_PTA_POCHOTE,1,2,100,Chordata,Serranidae,Serranus psittacinus,10,5
21-May-16,Guanacaste,10.93155,-85.799916,CUAJINIQUIL,C_PTA_POCHOTE,1,2,100,Chordata,Labridae,Thalassoma lucasanum,5,10
21-May-16,Guanacaste,10.93155,-85.799916,CUAJINIQUIL,C_PTA_POCHOTE,1,2,100,Chordata,Labridae,Thalassoma lucasanum,10,8
21-May-16,Guanacaste,10.93155,-85.799916,CUAJINIQUIL,C_PTA_POCHOTE,1,2,100,Chordata,Labridae,Thalassoma lucasanum,15,20
21-May-16,Guanacaste,10.93155,-85.799916,CUAJINIQUIL,C_PTA_POCHOTE,2,2,100,Chordata,Balistidae,Balistes polylepis,15,4
21-May-16,Guanacaste,10.93155,-85.799916,CUAJINIQUIL,C_PTA_POCHOTE,2,2,100,Chordata,Carangidae,Caranx caballus,30,15
21-May-16,Guanacaste,10.93155,-85.799916,CUAJINIQUIL,C_PTA_POCHOTE,2,2,100,Chordata,Serranidae,Epinephelus labriformis,25,5
21-May-16,Guanacaste,10.93155,-85.799916,CUAJINIQUIL,C_PTA_POCHOTE,2,2,100,Chordata,Serranidae,Epinephelus labriformis,15,9
21-May-16,Guanacaste,10.93155,-85.799916,CUAJINIQUIL,C_PTA_POCHOTE,2,2,100,Chordata,Fistulariidae,Fistularia commersonii,30,4
21-May-16,Guanacaste,10.93155,-85.799916,CUAJINIQUIL,C_PTA_POCHOTE,2,2,100,Chordata,Fistulariidae,Fistularia commersonii,35,2
21-May-16,Guanacaste,10.93155,-85.799916,CUAJINIQUIL,C_PTA_POCHOTE,2,2,100,Chordata,Pomacanthidae,Holacanthus passer,30,2
21-May-16,Guanacaste,10.93155,-85.799916,CUAJINIQUIL,C_PTA_POCHOTE,2,2,100,Chordata,Pomacentridae,Microspathodon dorsalis,15,6
21-May-16,Guanacaste,10.93155,-85.799916,CUAJINIQUIL,C_PTA_POCHOTE,2,2,100,Chordata,Pomacentridae,Microspathodon dorsalis,20,10
21-May-16,Guanacaste,10.93155,-85.799916,CUAJINIQUIL,C_PTA_POCHOTE,2,2,100,Chordata,Pomacentridae,Microspathodon dorsalis,25,9
21-May-16,Guanacaste,10.93155,-85.799916,CUAJINIQUIL,C_PTA_POCHOTE,2,2,100,Chordata,Blenniidae,Ophioblennius steindachneri,10,6
21-May-16,Guanacaste,10.93155,-85.799916,CUAJINIQUIL,C_PTA_POCHOTE,2,2,100,Chordata,Blenniidae,Ophioblennius steindachneri,10,10
21-May-16,Guanacaste,10.93155,-85.799916,CUAJINIQUIL,C_PTA_POCHOTE,2,2,100,Chordata,Scorpaeninae,Scorpaena mystes,20,1
21-May-16,Guanacaste,10.93155,-85.799916,CUAJINIQUIL,C_PTA_POCHOTE,2,2,100,Chordata,Serranidae,Serranus psittacinus,20,4
21-May-16,Guanacaste,10.93155,-85.799916,CUAJINIQUIL,C_PTA_POCHOTE,2,2,100,Chordata,Serranidae,Serranus psittacinus,15,4
21-May-16,Guanacaste,10.93155,-85.799916,CUAJINIQUIL,C_PTA_POCHOTE,2,2,100,Chordata,Labridae,Thalassoma lucasanum,15,12
21-May-16,Guanacaste,10.93155,-85.799916,CUAJINIQUIL,C_PTA_POCHOTE,2,2,100,Chordata,Labridae,Thalassoma lucasanum,20,8
21-May-16,Guanacaste,10.93155,-85.799916,CUAJINIQUIL,C_PTA_POCHOTE,2,2,100,Chordata,Labridae,Thalassoma lucasanum,10,16
21-May-16,Guanacaste,10.93155,-85.799916,CUAJINIQUIL,C_PTA_POCHOTE,2,2,100,Chordata,Labridae,Thalassoma lucasanum,5,20
22-May-16,Guanacaste,10.938896,-85.732617,CUAJINIQUIL,SR_HACHAL,1,2,100,Chordata,Pomacentridae,Abudefduf concolor,10,6
22-May-16,Guanacaste,10.938896,-85.732617,CUAJINIQUIL,SR_HACHAL,1,2,100,Chordata,Pomacentridae,Abudefduf concolor,20,8
22-May-16,Guanacaste,10.938896,-85.732617,CUAJINIQUIL,SR_HACHAL,1,2,100,Chordata,Apogonidae,Apogon dovii,5,6
22-May-16,Guanacaste,10.938896,-85.732617,CUAJINIQUIL,SR_HACHAL,1,2,100,Chordata,Cirrhitidae,Cirrhitichthys oxycephalus,5,8
22-May-16,Guanacaste,10.938896,-85.732617,CUAJINIQUIL,SR_HACHAL,1,2,100,Chordata,Cirrhitidae,Cirrhitichthys oxycephalus,10,6
22-May-16,Guanacaste,10.938896,-85.732617,CUAJINIQUIL,SR_HACHAL,1,2,100,Chordata,Diodontidae,Diodon holocanthus,20,4
22-May-16,Guanacaste,10.938896,-85.732617,CUAJINIQUIL,SR_HACHAL,1,2,100,Chordata,Serranidae,Epinephelus labriformis,10,6
22-May-16,Guanacaste,10.938896,-85.732617,CUAJINIQUIL,SR_HACHAL,1,2,100,Chordata,Serranidae,Epinephelus labriformis,5,12
22-May-16,Guanacaste,10.938896,-85.732617,CUAJINIQUIL,SR_HACHAL,1,2,100,Chordata,Serranidae,Epinephelus labriformis,15,2
22-May-16,Guanacaste,10.938896,-85.732617,CUAJINIQUIL,SR_HACHAL,1,2,100,Chordata,Fistulariidae,Fistularia commersonii,25,20
22-May-16,Guanacaste,10.938896,-85.732617,CUAJINIQUIL,SR_HACHAL,1,2,100,Chordata,Fistulariidae,Fistularia commersonii,35,1
22-May-16,Guanacaste,10.938896,-85.732617,CUAJINIQUIL,SR_HACHAL,1,2,100,Chordata,Haemulidae,Haemulon steindachneri,10,25
22-May-16,Guanacaste,10.938896,-85.732617,CUAJINIQUIL,SR_HACHAL,1,2,100,Chordata,Pomacanthidae,Holacanthus passer,30,1
22-May-16,Guanacaste,10.938896,-85.732617,CUAJINIQUIL,SR_HACHAL,1,2,100,Chordata,Chaetodontidae,Johnrandallia nigrirostris,15,6
22-May-16,Guanacaste,10.938896,-85.732617,CUAJINIQUIL,SR_HACHAL,1,2,100,Chordata,Pomacanthidae,Pomacanthus zonipectus,25,1
22-May-16,Guanacaste,10.938896,-85.732617,CUAJINIQUIL,SR_HACHAL,1,2,100,Chordata,Scaridae,Scarus ghobban,15,15
22-May-16,Guanacaste,10.938896,-85.732617,CUAJINIQUIL,SR_HACHAL,1,2,100,Chordata,Serranidae,Serranus psittacinus,10,4
22-May-16,Guanacaste,10.938896,-85.732617,CUAJINIQUIL,SR_HACHAL,1,2,100,Chordata,Serranidae,Serranus psittacinus,15,6
22-May-16,Guanacaste,10.938896,-85.732617,CUAJINIQUIL,SR_HACHAL,1,2,100,Chordata,Serranidae,Serranus psittacinus,20,4
22-May-16,Guanacaste,10.938896,-85.732617,CUAJINIQUIL,SR_HACHAL,1,2,100,Chordata,Labridae,Thalassoma lucasanum,10,25
22-May-16,Guanacaste,10.938896,-85.732617,CUAJINIQUIL,SR_HACHAL,1,2,100,Chordata,Labridae,Thalassoma lucasanum,15,10
22-May-16,Guanacaste,10.938896,-85.732617,CUAJINIQUIL,SR_HACHAL,1,2,100,Chordata,Labridae,Thalassoma lucasanum,20,12
